Filename,Size,Unit
1999/Vol. 23 No. 4 September 1999 (magazine lists it as Vol. 23 No. 9).cbr,150.62,M
1992/Vol. 15 No. 7 March 1992 (magazine lists it as Vol. 15 No. 6).cbr,139.01,M
1992/Vol. 16 No. 1 May 1992 (magazine lists it as Vol. 6 No. 1).cbr,135.91,M
1989/Vol. 13 No. 5 November 1989.cbr,135.63,M
2011/Vol. 35 No. 1 March 2011.cbr,133.83,M
2010/Specials/Vol. 34 No. 8 Fright Special - Fall - 2010.cbr,114.51,M
2008/Vol. 31 No. 6 January 2008.cbr,110.35,M
2010/Vol. 34 No. 7 November 2010 (magazine lists it as Vol. 24 No. 7).cbr,106.29,M
1997/Specials/Vol. 11 No. 2 - 20 Years - Fall - 1997.cbr,103.14,M
2007/Vol. 31 No. 2 May 2007.cbr,102.35,M
2011/Vol. 34 No. 9 January 2011.cbr,102.23,M
1989/Vol. 13 No. 2 May 1989.cbr,99.31,M
1989/Vol. 13 No. 4 September 1989.cbr,99.28,M
2010/Vol. 34 No. 6 September 2010 (magazine lists it as Vol. 24 No. 6).cbz,98.79,M
1980/Vol. 4 No. 2 May 1980.cbr,96.82,M
2008/Vol. 32 No. 6 September 2008.cbr,95.7,M
2000/Vol. 23 No. 6 January 2000.cbz,95.08,M
1998/Vol. 22 No. 5 November 1998.cbr,93.05,M
1999/Vol. 23 No. 1 March 1999.cbr,92.36,M
1990/Vol. 13 No. 6 January 1990.cbr,92.14,M
1998/Vol. 22 No. 2 May 1998.cbz,91.28,M
1999/Vol. 22 No. 6 January 1999.cbr,90.76,M
1997/Vol. 21 No. 4 September 1997.cbz,90.76,M
2007/Vol. 31 No. 4 September 2007.cbr,89.74,M
1981/Vol. 4 No. 12 March 1981.cbr,89.69,M
1995/Vol. 19 No. 2 May 1995.cbr,88.84,M
1991/Vol. 15 No. 3 July 1991.cbr,88.77,M
2011/Specials/Vol. 35 No. 2 Living Dead Special - Spring - 2011.cbr,88.51,M
1999/Vol. 23 No. 5 November 1999 (magazine lists it as Vol. 23 No. 10).cbr,87.25,M
2010/Vol. 34 No. 3 May 2010 (magazine lists it as Vol. 24 No. 2).cbr,86.5,M
1989/Specials/Vol. 12 No. 4 Winter - 1989.cbz,86.26,M
1998/Vol. 22 No. 4 September 1998.cbr,86.12,M
2000/Vol. 24 No. 4 September 2000.cbr,84.95,M
1999/Vol. 23 No. 3 July 1999 (magazine lists it as Vol. 22 No. 3).cbr,84.7,M
1998/Vol. 21 No. 6 January 1998.cbr,84.62,M
2007/Vol. 31 No. 5 November 2007.cbr,84.56,M
1997/Vol. 21 No. 5 November 1997.cbz,84.56,M
2000/Vol. 24 No. 3 July 2000.cbr,84.14,M
1981/Vol. 5 No. 6 September 1981.cbr,83.95,M
1988/Vol. 12 No. 2 Summer 1988.cbr,83.61,M
1991/Vol. 15 No. 5 September 1991.cbr,83.15,M
1981/Vol. 5 No. 8 November 1981.cbr,83.1,M
2009/Specials/Vol. 33 No. 5 Arcane Special - Summer - 2009.cbr,82.92,M
1998/Vol. 22 No. 1 March 1998.cbr,82.42,M
1990/Vol. 14 No. 2 May 1990.cbz,82.4,M
1980/Vol. 4 No. 8 November 1980.cbr,82.24,M
1999/Specials/Vol. 13 No. 3 Techno - Fall - 1999.cbr,82.24,M
2007/Vol. 31 No. 3 July 2007.cbr,81.99,M
1988/Vol. 12 No. 1 Spring 1988.cbr,81.79,M
1998/Specials/Vol. 12 No. 2 The Best Of Richard Corben Special - Fall - 1998.cbr,81.55,M
1987/Vol. 11 No. 1 Spring 1987.cbz,81.18,M
1990/Vol. 14 No. 1 March 1990.cbr,80.62,M
2009/Vol. 33 No. 3 May 2009.cbr,80.25,M
2010/Vol. 34 No. 4 July 2010 (magazine lists it as Vol. 24 No. 4).cbr,79.65,M
2009/Specials/Vol. 33 No. 8 Terror Special - Fall - 2009.cbr,79.52,M
1979/Vol. 3 No. 1 May 1979.cbr,79.27,M
1993/Vol. 16 No. 5 January 1993 (magazine lists it as Vol. 18 No. 5).cbz,79.14,M
1998/Vol. 22 No. 3 July 1998.cbr,78.28,M
2000/Vol. 24 No. 2 May 2000.cbz,78.14,M
1992/Specials/Vol. 6 No. 4 - 15 Years Of - 1992.cbr,77.59,M
1991/Vol. 14 No. 6 January 1991.cbz,77.04,M
2008/Specials/Vol. 32 No. 8 Eerie Special - Fall - 2008.cbr,76.76,M
2003/Vol. 26 No. 6 January 2003.cbz,76.53,M
Heavy Metal Presents/Heavy_Metal_Presents - More Than Human.cbr,75.96,M
1988/Vol. 12 No. 3 Fall 1988.cbz,75.02,M
2001/Vol. 24 No. 6 January 2001.cbr,74.38,M
1980/Vol. 4 No. 3 June 1980.cbr,74.36,M
1989/Vol. 13 No. 1 March 1989.cbr,74.22,M
1983/Vol. 7 No. 5 August 1983.cbz,74.16,M
2003/Vol. 27 No. 3 July 2003.cbz,74.14,M
1991/Vol. 15 No. 2 May 1991.cbz,74.05,M
1990/Vol. 14 No. 4 September 1990.cbz,73.72,M
1979/Vol. 2 No. 12 April 1979.cbr,73.71,M
1980/Vol. 4 No. 4 July 1980.cbr,73.69,M
1979/Vol. 3 No. 6 October 1979.cbr,73.68,M
2003/Specials/Vol. 1 No. 1 Fantasy Issue - August - 2003.cbz,73.03,M
1992/Vol. 15 No. 6 January 1992.cbr,72.82,M
2000/Specials/Vol. 14 No. 2 CD Special - Summer - 2000.cbr,72.73,M
1980/Vol. 4 No. 5 August 1980.cbz,72.55,M
2009/Vol. 33 No. 1 March 2009.cbr,72.49,M
1981/Vol. 5 No. 4 July 1981.cbr,72.38,M
1981/Vol. 5 No. 1 April 1981.cbz,71.92,M
1992/Vol. 16 No. 4 November 1992 (magazine lists it as Vol. 17 No. 4).cbr,71.72,M
1980/Vol. 4 No. 9 December 1980.cbr,71.6,M
1980/Vol. 4 No. 6 September 1980.cbr,71.53,M
1985/Vol. 8 No. 10 January 1985.cbr,71.15,M
2009/Vol. 33 No. 6 September 2009.cbr,70.96,M
1980/Vol. 3 No. 9 January 1980.cbr,70.77,M
2010/Vol. 34 No. 1 March 2010.cbr,70.37,M
1978/Vol. 2 No. 1 May 1978.cbr,70.19,M
1979/Vol. 3 No. 2 June 1979.cbr,69.5,M
2003/Vol. 27 No. 2 May 2003.cbz,69.29,M
1988/Vol. 11 No. 4 Winter 1988.cbr,69.03,M
1981/Vol. 4 No. 10 January 1981.cbr,69.02,M
1986/Vol. 10 No. 3 Fall 1986.cbr,69.01,M
2003/Vol. 27 No. 4 September 2003.cbz,68.47,M
Metal Hurlant/Metal Hurlant 49 Bis.cbr,68.23,M
1984/Vol. 8 No. 2 May 1984.cbz,68.08,M
2009/Vol. 33 No. 4 July 2009.cbr,68.08,M
1983/Vol. 7 No. 4 July 1983.cbz,67.58,M
1981/Vol. 5 No. 3 June 1981.cbr,67.45,M
2001/Specials/Vol. 15 No. 1 Taboo Special - Spring - 2001.cbr,67.28,M
1980/Vol. 4 No. 7 October 1980.cbz,67.04,M
1985/Vol. 8 No. 12 March 1985.cbz,66.99,M
1977/Vol. 1 No. 4 July 1977.cbz,66.98,M
2011/Vol. 35 No. 6 September 2011.pdf,66.82,M
1985/Vol. 9 No. 2 May 1985.cbr,66.66,M
2007/Specials/Vol. 21 No. 3 - 30th Anniversary Special - Fall - 2007.cbr,66.63,M
1984/Vol. 7 No. 12 March 1984.cbz,66.55,M
1985/Vol. 9 No. 3 June 1985.cbr,66.52,M
2000/Vol. 24 No. 5 November 2000.cbr,66.51,M
1985/Vol. 8 No. 11 February 1985.cbz,66.47,M
2003/Specials/Vol. 17 No. 1 Samurai Special - Spring - 2003.cbz,66.11,M
1979/Vol. 3 No. 8 December 1979.cbr,66.09,M
2008/Vol. 32 No. 3 May 2008 (magazine lists it as Vol. 32 No. 2).cbr,66.02,M
1978/Vol. 2 No. 3 July 1978.cbr,65.92,M
1980/Vol. 3 No. 11 March 1980.cbz,65.81,M
2008/Specials/Vol. 32 No. 5 (magazine lists it as Vol. 22 No. 2) Overload Special - Summer - 2008.cbr,65.67,M
1994/Specials/Vol. 8 No. 2 Greatest Hits - 1994.cbr,65.67,M
1984/Vol. 8 No. 3 June 1984.cbz,65.64,M
1979/Vol. 3 No. 4 August 1979.cbr,65.61,M
1978/Vol. 2 No. 5 September 1978.cbz,65.48,M
1985/Vol. 9 No. 6 September 1985.cbr,65.46,M
1984/Vol. 8 No. 7 October 1984.cbz,65.21,M
1984/Vol. 8 No. 6 September 1984.cbz,65.21,M
1981/Vol. 4 No. 11 February 1981.cbr,65.05,M
1984/Vol. 8 No. 5 August 1984.cbz,64.62,M
1984/Vol. 7 No. 11 February 1984.cbz,64.55,M
2003/Vol. 27 No. 1 March 2003.cbz,64.35,M
2010/Specials/Vol. 34 No. 2 Mythical Special - 2010.pdf,64.03,M
1979/Vol. 3 No. 7 November 1979.cbz,63.74,M
2007/Specials/Vol. 21 No. 2 Upload Special - Summer - 2007.cbr,63.73,M
1978/Vol. 2 No. 4 August 1978.cbz,63.43,M
2001/Vol. 25 No. 2 May 2001.cbr,63.37,M
1980/Vol. 4 No. 1 April 1980.cbz,63.21,M
1978/Vol. 2 No. 8 December 1978.cbz,63.19,M
1984/Vol. 8 No. 4 July 1984.cbz,63.14,M
2005/Specials/Vol. 19 No. 2 Mystery Special - Summer - 2005.cbr,62.93,M
1997/Specials/Vol. 11 No 1 Horror Special - 1997.cbr,62.79,M
1987/Vol. 11 No. 2 Summer 1987 (magazine lists it as Vol. 11 No. 11).cbr,62.75,M
1984/Vol. 8 No. 9 December 1984.cbz,62.53,M
1984/Vol. 8 No. 8 November 1984.cbz,62.18,M
1985/Vol. 9 No. 1 April 1985 (magazine lists it as Vol. 9 No. 13).cbz,62.15,M
Heavy Metal Presents/Heavy Metal Presents - 1941 (1979).cbr,62.12,M
2005/Specials/Vol. 19 No. 1 Middle Earth Special - Spring - 2005.cbz,61.85,M
2002/Specials/Vol. 16 No. 3 - 25th Anniversary Special - 2002.cbr,61.67,M
1978/Vol. 1 No. 10 January 1978.cbz,61.67,M
Related Publications/Heavy_Metal-Moebius-Stories.cbr,61.42,M
1985/Vol. 9 No. 4 July 1985.cbz,61.41,M
2007/Specials/Vol. 21 No. 1 Genesis Special - Spring - 2007.cbz,61.38,M
1984/Vol. 7 No. 10 January 1984.cbz,60.8,M
1978/Vol. 1 No. 13 April 1978.cbz,60.47,M
2010/Vol. 33 No. 9 January 2010.cbr,60.03,M
1986/Vol. 10 No. 1 Spring 1986.cbr,59.86,M
1989/Vol. 13 No. 3 July 1989.cbr,59.54,M
1977/Vol. 1 No. 6 September 1977.cbr,59.36,M
1986/Specials/The Best Of #2 [1986].cbr,59.24,M
1979/Vol. 3 No. 3 July 1979.cbr,58.98,M
1983/Vol. 7 No. 9 December 1983.cbz,58.86,M
1985/Vol. 9 No. 8 November 1985.cbr,58.7,M
2002/Vol. 26 No. 2 May 2002.cbr,58.69,M
1983/Vol. 7 No. 8 November 1983.cbz,58.34,M
1985/Vol. 9 No. 9 December 1985.cbz,58.3,M
1984/Vol. 8 No. 1 April 1984.cbr,57.98,M
2004/Vol. 28 No. 3 July 2004.cbr,57.97,M
1986/Vol. 10 No. 2 Summer 1986.cbr,57.96,M
2002/Vol. 26 No. 1 March 2002.cbr,57.86,M
1987/Vol. 10 No. 4 Winter 1987.cbr,57.35,M
1986/Vol. 9 No. 10 Winter 1986.cbr,56.85,M
1979/Vol. 3 No. 5 September 1979.cbz,56.83,M
2009/Vol. 33 No. 7 November 2009.cbr,56.83,M
1994/Vol. 18 No. 5 November 1994.cbr,56.73,M
2009/Specials/Vol. 33 No. 2 Cryptic Special - Spring - 2009.cbz,56.64,M
1995/Vol. 19 No. 1 March 1995.cbr,56.4,M
1993/Vol. 17 No. 3 July 1993.cbr,56.09,M
2010/Specials/Vol. 34 No. 5 Forbidden Special - Summer  2011.cbr,56.03,M
2000/Vol. 24 No. 1 March 2000.cbr,55.61,M
1985/Vol. 9 No. 5 August 1985.cbz,55.61,M
2004/Vol. 28 No. 1 March 2004.cbr,55.44,M
1981/Vol. 5 No. 5 August 1981.cbr,55.37,M
1995/Vol. 19 No. 3 July 1995.cbr,55.27,M
1983/Vol. 7 No. 7 October 1983.cbz,55.19,M
2003/Vol. 27 No. 5 November 2003.cbr,55.09,M
1995/Specials/Vol. 9 No. 2 Havoc - 1995.cbr,54.58,M
2008/Vol. 32 No. 1 March 2008.cbz,54.57,M
1995/Vol. 18 No. 6 January 1995.cbr,54.23,M
1989/Specials/Vol. 5 No. 4 The Venus Interface - 1989.cbz,53.9,M
1995/Vol. 19 No. 4 September 1995.cbr,53.67,M
1995/Vol. 19 No. 5 November 1995.cbr,53.64,M
1978/Vol. 1 No. 12 March 1978.cbz,53.56,M
2009/Vol. 32 No. 9 January 2009.cbr,53.5,M
1997/Vol. 21 No. 3 July 1997.cbr,53.42,M
1996/Vol. 20 No. 1 March 1996.cbr,53.17,M
1998/Specials/Vol. 12 No. 1 Sci-Fi - Spring - 1998.cbr,53.16,M
2002/Vol. 26 No. 3 July 2002.cbr,53.16,M
1983/Specials/Even Heavier Metal [1983].cbr,53.13,M
1991/Vol. 15 No. 1 March 1991.cbr,53.02,M
Uns HM ART/Heavy_Metal_Magazine_covers Collection.cbr,53.01,M
1994/Vol. 18 No. 1 March 1994.cbr,52.98,M
1978/Vol. 1 No. 11 February 1978.cbz,52.68,M
2005/Specials/Vol. 19 No. 3 Digitized Special - Fall - 2005.cbz,52.65,M
1979/Vol. 2 No. 10 February 1979.cbr,52.51,M
2004/Vol. 27 No. 6 January 2004.cbr,52.5,M
2002/Vol. 25 No. 6 January 2002.cbr,52.46,M
2001/Vol. 25 No. 1 March 2001.cbr,52.46,M
2006/Specials/Vol. 20 No. 3 Halloween Special - Fall - 2006.cbr,52.42,M
1993/Vol. 17 No. 5 November 1993 (magazine lists it as Vol. 18 No. 5).cbr,52.3,M
1996/Vol. 20 No. 3 July 1996.cbr,52.11,M
1993/Vol. 17 No. 1 March 1993 (magazine lists it as Vol. 19 No. 6).cbr,52.05,M
1977/Vol. 1 No. 7 October 1977.cbz,51.95,M
1979/Vol. 2 No. 11 March 1979.cbr,51.92,M
2008/Vol. 32 No. 7 November 2008.cbr,51.87,M
2006/Vol. 30 No. 2 May 2006.cbr,51.86,M
1997/Vol. 21 No. 2 May 1997.cbr,51.79,M
1996/Specials/Vol. 10 No. 1 One Step Beyond - 1996.cbr,51.65,M
1992/Vol. 16 No. 2 July 1992.cbr,51.52,M
1990/Vol. 14 No. 3 July 1990.cbr,51.46,M
1985/Vol. 9 No. 7 October 1985.cbr,51.19,M
Related Publications/Heavy_Metal-Gullivera-Milo_Manara.cbz,51.14,M
Related Publications/Gullivera-Milo_Manara.cbz,51.14,M
2001/Specials/Vol. 15 No. 3 Mind Melt Special - Fall - 2001.cbr,51.11,M
1994/Vol. 18 No. 2 May 1994.cbr,51.01,M
2006/Specials/Vol. 20 No. 2 Sky Doll Special - Summer - 2006.cbr,50.94,M
1994/Vol. 18 No. 4 September 1994.cbr,50.78,M
1996/Vol. 20 No. 2 May 1996.cbr,50.76,M
1983/Vol. 7 No. 6 September 1983.cbz,50.69,M
2006/Vol. 30 No. 4 September 2006.cbr,50.62,M
1996/Vol. 20 No. 4 September 1996.cbr,50.57,M
1994/Vol. 17 No. 6 January 1994.cbr,49.99,M
1990/Vol. 14 No. 5 November 1990.cbr,49.97,M
2006/Vol. 30 No. 1 March 2006.cbr,49.9,M
2005/Vol. 29 No. 1 March 2005.cbr,49.85,M
1977/Vol. 1 No. 5 August 1977.cbz,49.83,M
2004/Vol. 28 No. 2 May 2004.cbr,49.81,M
1993/Vol. 17 No. 2 May 1993 (magazine lists it as Vol. 30 No. 7).cbr,49.62,M
1993/Specials/Vol. 7 No. 1 War Machine - 1993.cbz,49.58,M
Related Publications/Heavy_Metal-Bk-2002-Fistful_Of_Blood-Eastman_And_Bisley.cbz,49.49,M
Heavy Metal Presents/Heavy Metal Presents - Ulysses (2006) (FPScan).cbr,49.39,M
1992/Vol. 16 No. 3 September 1992 (magazine lists it as Vol. 17 No. 3).cbr,49.38,M
2000/Specials/Vol. 14 No. 3 Fantasy Special - Fall - 2000.cbr,49.38,M
1996/Vol. 20 No. 5 November 1996.cbr,49.36,M
1977/Vol. 1 No. 9 December 1977.cbr,49.21,M
2006/Vol. 30 No. 3 July 2006.cbr,49.01,M
1977/Vol. 1 No. 8 November 1977.cbz,48.99,M
1991/Vol. 15 No. 4 September 1991.cbr,48.95,M
1982/Vol. 6 No. 5 August 1982.cbr,48.92,M
2005/Vol. 29 No. 4 September 2005.cbr,48.84,M
2007/Vol. 30 No. 6 January 2007.cbz,48.69,M
Heavy Metal Presents/Heavy_Metal-1981-PR-Presents_Moebius.cbz,48.66,M
2003/Specials/Vol. 1 No. 2 Sorcery Issue - October - 2003.cbr,48.53,M
1999/Specials/Vol. 13 No. 2 F.A.K.K.² Movie Special - Summer - 1999.cbr,48.53,M
2001/Vol. 25 No. 4 September 2001.cbr,48.46,M
1997/Vol. 20 No. 6 January 1997.cbr,48.38,M
2002/Vol. 26 No. 4 September 2002.cbr,48.33,M
1996/Vol. 19 No. 6 January 1996.cbr,48.31,M
1978/Vol. 2 No. 6 October 1978.cbr,48.28,M
1994/Vol. 18 No. 3 July 1994.cbr,48.24,M
2002/Specials/Vol. 16 No. 1 Diabolic Special - Spring - 2002.cbr,48.2,M
2001/Vol. 25 No. 5 November.cbr,48.2,M
1984/Specials/Son Of [1984].cbr,47.59,M
2010/Specials/Vol. 34 No. 2 Mythical Special - 2010.cbr,47.55,M
Metal Hurlant/Metal Hurlant 57bis.cbr,47.36,M
1982/Vol. 6 No. 1 April 1982.cbr,47.1,M
2008/Vol. 32 No. 4 July 2008 (magazine lists it as Vol. 32 No. 3).cbr,47.01,M
1995/Specials/Vol. 9 No. 1 Overdrive - 1995.cbr,46.82,M
2007/Vol. 31 No. 1 March 2007.cbz,46.81,M
Related Publications/Manara - Gullivera (RUS).cbr,46.67,M
1977/Vol. 1 No. 1 April 1977.cbr,45.94,M
2004/Vol. 28 No. 4 September 2004.cbr,45.87,M
1997/Vol. 21 No. 1 March 1997.cbr,45.6,M
2002/Specials/Vol. 16 No. 2 Erotic #2 Special - Summer - 2002.cbr,45.53,M
2005/Vol. 29 No. 5 November 2005.cbr,45.15,M
Heavy Metal Presents/Heavy_Metal_Presents - Conquering_Armies__FPScans_.cbr,45.01,M
1982/Vol. 6 No. 3 June 1982.cbr,45,M
1981/Vol. 5 No. 9 December 1981.cbr,44.92,M
2003/Specials/Vol. 1 No. 3 Cryptic Issue - December -2003.cbr,44.53,M
1982/Specials/The Best Of [1982].cbr,44.52,M
1978/Vol. 2 No. 2 June 1978 (magazine lists it as Vol. 3 No. 2) June 1978.cbr,44.48,M
1982/Vol. 6 No. 6 September 1982.cbr,44.37,M
1980/Vol. 3 No. 10 February 1980.cbr,44.14,M
1982/Vol. 6 No. 8 November 1982.cbr,44.13,M
1982/Vol. 6 No. 4 July 1982.cbr,44.07,M
1982/Vol. 6 No. 2 May 1982.cbz,43.95,M
2004/Specials/Vol. 18 No. 2 Adventure Special - Summer - 2004.cbr,43.88,M
2006/Vol. 29 No. 6 January 2006.cbr,43.53,M
Metal Hurlant/Metal Hurlant 36 Bis.cbr,43.52,M
2004/Specials/Vol. 18 No. 1 Sci-Fi Special - Spring - 2004.cbr,43.17,M
1982/Vol. 5 No. 12 March 1982.cbz,42.74,M
1982/Vol. 6 No. 9 December 1982.cbr,42.74,M
1978/Vol. 2 No. 7 November 1978.cbz,42.6,M
Heavy Metal Presents/Heavy_Metal-1979-PR-Alien.cbz,42.43,M
2006/Specials/Vol. 20 No. 1 Steam Punk Special - Spring - 2006.cbr,42.33,M
1983/Vol. 6 No. 12 March 1983.cbz,42.32,M
2004/Vol. 28 No. 5 November 2004.cbr,41.97,M
1982/Vol. 6 No. 7 October 1982.cbr,41.72,M
1994/Specials/Vol. 8 No. 1 Pin-Up - 1994.cbr,41.52,M
2001/Vol. 25 No. 3 July 2001.cbr,41.17,M
Heavy Metal Presents/Heavy Metal Presents - Is Man Good (1978) (FPScans).cbr,41.05,M
1983/Vol. 6 No. 10 January 1983.cbz,40.88,M
1982/Vol. 5 No. 10 January 1982.cbr,40.54,M
1985/Specials/Bride Of [1985].cbr,40.48,M
Related Publications/Heavy Metal Book 1993 Bad Blood - The Vampire Collection.cbz,40.26,M
2006/Vol. 30 No. 5 November 2006.cbr,39.92,M
Metal Hurlant/Metal Hurlant 33bis.cbr,39.14,M
2001/Specials/Vol. 15 No. 2 Poster Special - Summer - 2001.cbr,39.03,M
Related Publications/Heavy_Metal-Diamantha-Arno_And_Jodorowsky.cbz,38.93,M
Related Publications/Alef-Thau 01 Diamond (from Heavy Metal 83) (Lazarus-DCP).cbz,38.93,M
Related Publications/Diamantha-Arno_and_Jodorowsky.cbz,38.93,M
1981/Vol. 5 No. 7 October 1981.cbr,38.86,M
2008/Specials/Vol. 32 No. 2 (magazine lists it as Vol. 22 No. 1) Chaos Special - Spring - 2008.cbr,38.36,M
1977/Vol. 1 No. 2 May 1977.cbr,38.34,M
Heavy Metal Presents/Heavy Metal Presents - New Tales of the Arabian Nights (Corben).cbr,38.09,M
Metal Hurlant/Metal Hurlant 61 Bis.cbr,37.98,M
Metal Hurlant/Metal Hurlant 25.cbr,37.94,M
1982/Vol. 5 No. 11 February 1982.cbr,37.51,M
Metal Hurlant/Metal Hurlant 12 Por Exodo.cbr,37.51,M
2005/Vol. 28 No. 6 January 2005.cbr,36.99,M
1996/Specials/Vol. 10 No. 2 Special Edition - Fall - 1996.cbr,36.91,M
1983/Vol. 6 No. 11 February 1983.cbr,36.85,M
Related Publications/Heavy Metal - Luis Royo Dome.cbr,36.8,M
Epic Illustrated/Epic Illustrated (27).cbr,36.77,M
1993/Vol. 17 No. 4 September 1993.cbr,36.43,M
1977/Vol. 1 No. 3 June 1977.cbr,36.13,M
2004/Specials/Vol. 18 No. 3 Siren Special - Fall - 2003.cbr,35.49,M
Related Publications/Frank_Frazetta_Present-Fantasy_Illustrated_01.cbr,35.27,M
Related Publications/Heavy_Metal-Frank_Frazetta_Present-Fantasy_Illustrated_01.cbr,35.27,M
Epic Illustrated/Epic Illustrated (16).cbr,35.23,M
Epic Illustrated/Epic Illustrated (26).cbr,35.13,M
2002/Vol. 26 No. 5 November 2002.cbr,34.95,M
Epic Illustrated/Epic Illustrated (01).cbr,34.8,M
Epic Illustrated/Epic Illustrated (24).cbr,34.49,M
Metal Hurlant/Metal Hurlant 64 Bis.cbr,33.36,M
Epic Illustrated/Epic Illustrated (06).cbr,33.23,M
Metal Hurlant/Metal Hurlant 11 Por Exodo.cbr,33.2,M
Epic Illustrated/Epic Illustrated (23).cbr,32.96,M
Metal Hurlant/Metal Hurlant 52.cbr,32.82,M
Metal Hurlant/Metal Hurlant 59.cbr,32.78,M
Heavy Metal Presents/Heavy Metal Presents - Psychorock (1977) (FPScan).cbr,32.66,M
Metal Hurlant/Metal Hurlant 18 Por Exodo.cbr,32.28,M
Related Publications/ArtOfSimonBisley.pdf,32.16,M
Epic Illustrated/Epic Illustrated (04).cbr,32.11,M
Epic Illustrated/Epic Illustrated (20).cbr,32.1,M
Epic Illustrated/Epic Illustrated (08).cbr,31.98,M
Metal Hurlant/Metal Hurlant 15 Por Exodo.cbr,31.93,M
Metal Hurlant/Metal Hurlant 10 Por Exodo.cbr,31.86,M
Metal Hurlant/Metal Hurlant 58.cbr,31.83,M
1981/Vol. 5 No. 2 May 1981.cbr,31.45,M
Epic Illustrated/Epic Illustrated (02).cbr,31.43,M
Metal Hurlant/Metal Hurlant 70.cbr,31.4,M
Epic Illustrated/Epic Illustrated (29).cbr,31.38,M
Epic Illustrated/Epic Illustrated (25).cbr,31.34,M
Metal Hurlant/Metal Hurlant 142.cbr,31.33,M
Metal Hurlant/Metal Hurlant 32.cbr,31.31,M
Epic Illustrated/Epic Illustrated (17).cbr,31.08,M
Metal Hurlant/Metal Hurlant 17 (Ed Humanoides Asociados)[X Exodo].cbr,31.05,M
Metal Hurlant/Metal Hurlant 66.cbr,31.01,M
Metal Hurlant/Metal Hurlant 50.cbr,30.9,M
Related Publications/Heavy_Metal SE - 1989 Desperadoes v1.cbr,30.64,M
Related Publications/Heavy_Metal-Bk-1989-Desperadoes_V1.cbz,30.6,M
Metal Hurlant/Metal Hurlant 67.cbr,30.53,M
1983/Vol. 7 No. 3 June 1983.cbr,30.51,M
Metal Hurlant/Metal Hurlant 145.cbr,30.42,M
Metal Hurlant/Metal Hurlant 141.cbr,30.16,M
Metal Hurlant/Metal Hurlant 48.cbr,30.13,M
Metal Hurlant/Metal Hurlant 69.cbr,30.13,M
Epic Illustrated/Epic Illustrated (03).cbr,30.06,M
Metal Hurlant/Metal Hurlant 60.cbr,29.99,M
Metal Hurlant/Metal Hurlant 61.cbr,29.99,M
1983/Vol. 7 No. 2 May 1983.cbr,29.91,M
Metal Hurlant/Metal Hurlant 68.cbr,29.78,M
2000/Specials/Vol. 14 No. 1 Erotic Special - Spring - 2000.cbr,29.65,M
Metal Hurlant/Metal Hurlant 16 Por Exodo.cbr,29.6,M
Metal Hurlant/Metal Hurlant 27.cbr,29.37,M
Metal Hurlant/Metal Hurlant 47.cbr,29.25,M
1979/Vol. 2 No. 9 January 1979.cbr,29.22,M
Epic Illustrated/Epic Illustrated (19).cbr,29.17,M
Metal Hurlant/Metal Hurlant 53.cbr,29.09,M
Epic Illustrated/Epic Illustrated (18).cbr,29,M
Metal Hurlant/Metal Hurlant 67 Bis.cbr,28.93,M
Related Publications/Xotica_-_The_Art_of_Esteban_Maroto.cbr,28.93,M
Related Publications/Heavy_Metal-Esteban_Maroto-Xotica-The_Art_Of.cbr,28.93,M
Metal Hurlant/Metal Hurlant 65.cbr,28.88,M
Metal Hurlant/Metal Hurlant 63.cbr,28.69,M
1983/Vol. 7 No. 1 April 1983.cbr,28.63,M
Metal Hurlant/Metal Hurlant 62.cbr,28.56,M
Epic Illustrated/Epic Illustrated (22).cbr,28.54,M
Epic Illustrated/Epic Illustrated (21).cbr,28.53,M
Metal Hurlant/Metal Hurlant 57.cbr,28.5,M
2005/Vol. 29 No. 3 July 2005.cbr,28.46,M
Metal Hurlant/Metal Hurlant 28.cbr,28.34,M
Epic Illustrated/Epic Illustrated (32).cbz,28.24,M
1999/Specials/Vol. 13 No. 1 Crossroads - Spring - 1999.cbr,28.21,M
Epic Illustrated/Epic Illustrated (07).cbr,28.11,M
Epic Illustrated/Epic Illustrated (28).cbr,28.07,M
Metal Hurlant/Metal Hurlant 37 Por Exodo.cbr,28.06,M
Metal Hurlant/Metal Hurlant 49.cbr,27.96,M
Metal Hurlant/Metal Hurlant 34.cbr,27.95,M
Metal Hurlant/Metal Hurlant 56.cbr,27.94,M
Metal Hurlant/Metal Hurlant 55.cbr,27.75,M
Uns HM ART/The Art Of Heavy Metal 1995.cbr,27.74,M
Metal Hurlant/Metal Hurlant 40 Por Exodo.cbr,27.69,M
Heavy Metal Presents/Heavy Metal Presents - 25 Years of Classic Covers (2002).cbr,27.62,M
Metal Hurlant/Metal Hurlant 54.cbr,27.59,M
Metal Hurlant/Metal Hurlant 144.cbr,27.55,M
Metal Hurlant/Metal Hurlant 35.cbr,27.55,M
Metal Hurlant/Metal Hurlant 140.cbr,27.41,M
Epic Illustrated/Epic Illustrated (34).cbr,27.4,M
Metal Hurlant/Metal Hurlant 36.cbr,27.39,M
Epic Illustrated/Epic Illustrated (31).cbz,27.22,M
Metal Hurlant/Metal Hurlant 31.cbr,27.14,M
Metal Hurlant/Metal Hurlant 143.cbr,27.11,M
Metal Hurlant/Metal Hurlant 33.cbr,27.06,M
"Heavy Metal Presents/Heavy Metal Presents - The Swords of Heaven, the Flowers of Hell (Moorcock, Chaykin) (1979).cbr",27.06,M
Metal Hurlant/Metal Hurlant 29.cbr,26.89,M
Epic Illustrated/Epic Illustrated (30).cbr,26.83,M
Metal Hurlant/Metal Hurlant 64.cbr,26.78,M
Epic Illustrated/Epic Illustrated (05).cbr,26.53,M
Metal Hurlant/Metal Hurlant 51.cbr,25.81,M
Epic Illustrated/Epic Illustrated (33).cbr,25.7,M
Related Publications/Heavy_Metal-Juan_Gimenez_&_Dal_Pra-Apocalypse-The_Eyes_Of_Doom.cbr,25.69,M
Metal Hurlant/Metal Hurlant 30.cbr,25.57,M
Related Publications/Keepers Of The Maser #3.cbr,25.22,M
Metal Hurlant/Metal Hurlant 43 Por Exodo.cbr,24.85,M
Metal Hurlant/Metal Hurlant Corazas Coleccion Humanoides By Ayala Crg.cbr,24.63,M
Related Publications/The Keepers of the Maser 1 - The Second Moon [Bunny].cbr,24.41,M
Related Publications/The Keepers of the Maser 2 - The Isle of Dwarves [Bunny].cbr,24.18,M
2005/Vol. 29 No. 2 May 2005.cbr,23.9,M
Metal Hurlant/Metal Hurlant 26.cbr,23.63,M
2011/Vol. 35 No. 4 July 2011 (Sample Edition).pdf,23.48,M
1999/Vol. 23 No. 2 May 1999 (magazine lists it as Vol. 22 No. 2).cbr,23.33,M
Heavy Metal Presents/Heavy Metal Presents - Arzach.cbr,22.86,M
Related Publications/Heavy_Metal-Bk-1993-Trio_Grande-Adios_Palomita.cbz,22.61,M
Metal Hurlant/Metal Hurlant 137.cbr,22.16,M
"Related Publications/Giardino,_Vittorio-Little_Ego.cbr",21.97,M
Related Publications/Heavy_Metal-Giardino-Vittorio-Little_Ego.cbr,21.97,M
Metal Hurlant/Metal Hurlant 134.cbr,21.27,M
Metal Hurlant/Metal Hurlant 136.cbr,20.88,M
1987/Vol. 11 No. 3 Fall 1987 (magazine lists it as Vol. 11 No. 111).cbr,20.87,M
Related Publications/Heavy_Metal-Margot - Queen of the Night.cbr,20.53,M
Related Publications/Keepers Of The Maser #4.cbr,20.48,M
Epic Illustrated/Epic Illustrated (12).cbr,20.42,M
Related Publications/Heavy Metal - 1993 Ramparts GN.cbr,20.17,M
Metal Hurlant/Metal Hurlant 139.cbr,20.14,M
Metal Hurlant/Metal Hurlant 138.cbr,19.78,M
Epic Illustrated/Epic Illustrated (11).cbr,19.78,M
Metal Hurlant/Metal Hurlant 135.cbr,19.6,M
Epic Illustrated/Epic Illustrated (14).cbr,19.21,M
Epic Illustrated/Epic Illustrated (10).cbr,18.89,M
Epic Illustrated/Epic Illustrated (15).cbr,18.65,M
Related Publications/Heavy_Metal-Margot - In Badtown.cbr,18.53,M
Epic Illustrated/Epic Illustrated (09).cbr,18.18,M
Epic Illustrated/Epic Illustrated (13).cbr,18.17,M
1993/Specials/Vol. 7 No. 2 Software - 1993.cbr,17.62,M
Related Publications/Heavy_Metal-Lorna and her robot (pular).cbr,16.77,M
Related Publications/Heavy_Metal-Lorna Mouse Club.cbr,16.51,M
Related Publications/Heavy_Metal-Alfonso_Azpiri-Lorna-Mouse_Club_(Heavy_Metal).cbr,16.5,M
Related Publications/Heavy_Metal-Alfonso_Azpiri-Lorna_Leviathan.cbr,15.2,M
Related Publications/Heavy_Metal-Victoria_Frances-Queen_Of_The_Night_2007_Heavy_Metal_Calendar_(Crg)_By_Jam_Xp.cbr,14.64,M
Metal Hurlant/Metal Hurlant 05 By.Staurofilake[Crg].cbr,14.43,M
Metal Hurlant/Metal Hurlant 06.By.Staurofilake[Crg].cbr,14.18,M
Heavy Metal Presents/Heavy_Metal-1978-PR-So_Beautiful_So_Dangerous.cbz,14.14,M
2011/Vol. 35 No. 7 November 2011 (Sample Edition).pdf,14.03,M
Uns HM ART/Treasured Chests vol 1.cbr,13.97,M
Related Publications/Heavy_Metal_2007-Calendar_2007.cbr,13.07,M
Related Publications/Heavy_Metal Calendar 2007.cbr,12.87,M
Related Publications/Obsession.pdf,12.49,M
Related Publications/Heavy_Metal-Simon_Bisley-F_A_K_K_2_Album.cbr,10.89,M
Related Publications/Heavy_Metal-Bk-1999-Prohibited_Book_1-Luis_Royo.cbz,10.22,M
2011/Covers 2011/Covers 2011.cbr,9.69,M
2011/Specials/Vol. 35 No. 5 War Of The Worlds Special  Summer 2011 (Sample Edition).pdf,8.88,M
Heavy Metal Presents/Heavy Metal Presents - Candice at Sea.cbr,8.56,M
1979/Covers 1979/Covers 1979.cbr,8.27,M
1981/Covers 1981/Covers 1981.cbr,7.9,M
2010/Covers 2010/Covers 2010.cbr,7.85,M
1984/Covers 1984/Covers 1984.cbr,7.67,M
1985/Covers 1985/Covers 1985.cbr,7.61,M
1980/Covers 1980/Covers 1980.cbr,7.19,M
1978/Covers 1978/Covers 1978.cbr,7.01,M
Related Publications/Heavy Metal Calendar 2005 - Luis Royo.cbz,6.99,M
1983/Covers 1983/Covers 1983.cbr,6.63,M
1999/Covers 1999/Covers 1999.cbr,6.4,M
2009/Covers 2009/Covers 2009.cbr,5.83,M
2003/Covers 2003/Covers 2003.cbr,5.7,M
1998/Covers 1998/Covers 1998.cbr,5.63,M
2007/Covers 2007/Covers 2007.cbr,5.46,M
2000/Covers 2000/Covers 2000.cbr,5.35,M
2011/Vol. 35 No. 3 May 2011 (Sample Edition) (magazine lists it as Vol. 35 No. 2).pdf,5.14,M
2006/Covers 2006/Covers 2006.cbr,4.99,M
1982/Covers 1982/Covers 1982.cbr,4.97,M
1977/Covers 1977/Covers 1977.cbr,4.8,M
1989/Covers 1989/Covers 1989.cbr,4.5,M
1997/Covers 1997/Covers 1997.cbr,4.32,M
Metal Hurlant/Tygra Hielo Y Fuego - Reportaje (Metal Hurlant Espanol 16 [X Exodo]) [X Elteclista][Crg].cbr,4.27,M
2008/Covers 2008/Covers 2008.cbr,4.09,M
1993/Covers 1993/Covers 1993.cbr,4.08,M
2001/Covers 2001/Covers 2001.cbr,4.03,M
1992/Covers 1992/Covers 1992.cbr,3.71,M
2002/Covers 2002/Covers 2002.cbr,3.65,M
2005/Covers 2005/Covers 2005.cbr,3.55,M
1994/Covers 1994/Covers 1994.cbr,3.28,M
2004/Covers 2004/Covers 2004.cbr,3.16,M
1986/Covers 1986/Covers 1986.cbr,3.15,M
1990/Covers 1990/Covers 1990.cbr,3.15,M
1996/Covers 1996/Covers 1996.cbr,3.02,M
1995/Covers 1995/Covers 1995.cbr,2.97,M
1991/Covers 1991/Covers 1991.cbr,2.97,M
Uns HM ART/Simon Bisley - Heavy Metal character sketches [Black Rabbitt] 13 pp.cbz,2.9,M
Uns HM ART/Druuna - Heavy Metal Revista Item.pdf,2.32,M
1987/Covers 1987/Covers 1987.cbr,2.3,M
1988/Covers 1988/Covers 1988.cbr,2.13,M
Related Publications/Heavy_Metal-Frezzato-The_Isle_Of_Dwarves.cbr,1.97,M
Uns HM ART/Heavy.Metal.2000.Surpresa.HQ.BR.27AGO2005.GibiHQ.pdf,1.91,M
Heavy Metal Magazine Cover Collection/Vol. 35 No. 7 November - 2011.jpg,1.83,M
2011/Covers 2011/Vol. 35 No. 7 November - 2011.jpg,1.83,M
Heavy Metal Magazine Cover Collection/Vol. 35 No. 3 May - 2011 (magazine lists it as Vol. 35 No. 2).jpg,1.6,M
2011/Covers 2011/Vol. 35 No. 3 May - 2011 (magazine lists it as Vol. 35 No. 2).jpg,1.6,M
Heavy Metal Magazine Cover Collection/Vol. 35 No. 5 War Of The Worlds Special - Summer - 2011.jpg,1.55,M
2011/Covers 2011/Vol. 35 No. 5 War Of The Worlds Special - Summer - 2011.jpg,1.55,M
2011/Covers 2011/Vol. 35 No. 4 July - 2011.jpg,1.48,M
Heavy Metal Magazine Cover Collection/Vol. 35 No. 4 July - 2011.jpg,1.48,M
1981/Covers 1981/Vol. 4 No. 11 February 1981.jpg,1.48,M
Heavy Metal Magazine Cover Collection/Vol. 4 No. 11 February 1981.jpg,1.48,M
Heavy Metal Magazine Cover Collection/Vol. 35 No. 8 January - 2012.jpg,1.46,M
2010/Covers 2010/Vol. 34 No. 2 Mythical Special-Spring - 2010.jpg,1.44,M
Heavy Metal Magazine Cover Collection/Vol. 34 No. 2 Mythical Special-Spring - 2010.jpg,1.44,M
Heavy Metal Magazine Cover Collection/Vol. 1 No. 4 July 1977.jpg,1.42,M
1977/Covers 1977/Vol. 1 No. 4 July 1977.jpg,1.42,M
2011/Covers 2011/Vol. 35 No. 6 September -  2011.jpg,1.4,M
Heavy Metal Magazine Cover Collection/Vol. 35 No. 6 September -  2011.jpg,1.4,M
Heavy Metal Magazine Cover Collection/Vol. 34 No. 5 Forbidden Special - 2010.jpg,1.34,M
2010/Covers 2010/Vol. 34 No. 5 Forbidden Special - 2010.jpg,1.34,M
1984/Covers 1984/Vol. 8 No. 6 September 1984.jpg,1.28,M
Heavy Metal Magazine Cover Collection/Vol. 8 No. 6 September 1984.jpg,1.28,M
Heavy Metal Magazine Cover Collection/Vol. 6 No. 12 March 1983.jpg,1.23,M
1983/Covers 1983/Vol. 6 No. 12 March 1983.jpg,1.23,M
Heavy Metal Magazine Cover Collection/Vol. 6 No. 11 February 1983.jpg,1.21,M
1983/Covers 1983/Vol. 6 No. 11 February 1983.jpg,1.21,M
Heavy Metal Magazine Cover Collection/Vol. 33 No. 6 September 2009.jpg,1.14,M
2009/Covers 2009/Vol. 33 No. 6 September 2009.jpg,1.14,M
CD Display/setup.exe,1.13,M
2010/Covers 2010/Vol. 34 No. 6 September 2010 (magazine lists it as Vol. 24 No. 6).jpg,1.07,M
Heavy Metal Magazine Cover Collection/Vol. 34 No. 6 September 2010 (magazine lists it as Vol. 24 No. 6).jpg,1.07,M
Heavy Metal Magazine Cover Collection/Vol. 23 No. 4 September 1999 (magazine lists it as Vol. 23 No. 9).jpg,1.07,M
1999/Covers 1999/Vol. 23 No. 4 September 1999 (magazine lists it as Vol. 23 No. 9).jpg,1.07,M
1989/Covers 1989/Vol. 13 No. 5 November 1989.jpg,1.06,M
Heavy Metal Magazine Cover Collection/Vol. 13 No. 5 November 1989.jpg,1.06,M
1999/Covers 1999/Vol. 22 No. 6 January 1999.jpg,1.02,M
Heavy Metal Magazine Cover Collection/Vol. 22 No. 6 January 1999.jpg,1.02,M
Heavy Metal Magazine Cover Collection/Vol. 34 No. 4 July 2010 (magazine lists it as Vol. 24 No. 4).jpg,1.02,M
2010/Covers 2010/Vol. 34 No. 4 July 2010 (magazine lists it as Vol. 24 No. 4).jpg,1.02,M
Heavy Metal Magazine Cover Collection/Vol. 5 No. 4 July 1981.jpg,1.01,M
1981/Covers 1981/Vol. 5 No. 4 July 1981.jpg,1.01,M
1993/Covers 1993/Vol. 7 No. 2 Software - 1993.jpg,1.01,M
Heavy Metal Magazine Cover Collection/Vol. 7 No. 2 Software - 1993.jpg,1.01,M
1998/Covers 1998/Vol. 22 No. 5 November 1998.jpg,1002.33,K
Heavy Metal Magazine Cover Collection/Vol. 22 No. 5 November 1998.jpg,1002.33,K
Heavy Metal Magazine Cover Collection/Vol. 7 No. 10 January 1984.jpg,955.41,K
1984/Covers 1984/Vol. 7 No. 10 January 1984.jpg,955.41,K
1992/Covers 1992/Vol. 16 No. 1 May 1992 (magazine lists it as Vol. 6 No. 1).jpg,943.27,K
Heavy Metal Magazine Cover Collection/Vol. 16 No. 1 May 1992 (magazine lists it as Vol. 6 No. 1).jpg,943.27,K
1979/Covers 1979/Vol. 3 No. 8 December 1979.jpg,918.04,K
Heavy Metal Magazine Cover Collection/Vol. 3 No. 8 December 1979.jpg,918.04,K
1991/Covers 1991/Vol. 15 No. 5 September 1991.jpg,910,K
Heavy Metal Magazine Cover Collection/Vol. 15 No. 5 September 1991.jpg,910,K
2000/Covers 2000/Vol. 24 No. 3 July 2000.jpg,907.44,K
Heavy Metal Magazine Cover Collection/Vol. 24 No. 3 July 2000.jpg,907.44,K
Heavy Metal Magazine Cover Collection/Vol. 23 No. 1 March 1999.jpg,901.91,K
1999/Covers 1999/Vol. 23 No. 1 March 1999.jpg,901.91,K
1985/Covers 1985/Vol. 9 No. 2 May 1985.jpg,900.26,K
Heavy Metal Magazine Cover Collection/Vol. 9 No. 2 May 1985.jpg,900.26,K
Heavy Metal Magazine Cover Collection/Vol. 10 No. 3 Fall 1986.jpg,881.84,K
1986/Covers 1986/Vol. 10 No. 3 Fall 1986.jpg,881.84,K
Heavy Metal Magazine Cover Collection/Vol. 12 No. 2 The Best Of Richard Corben Special - Fall - 1998.jpg,881.66,K
1998/Covers 1998/Vol. 12 No. 2 The Best Of Richard Corben Special - Fall - 1998.jpg,881.66,K
2009/Covers 2009/Vol. 33 No. 2 Cryptic Special - Spring - 2009.jpg,873.2,K
Heavy Metal Magazine Cover Collection/Vol. 33 No. 2 Cryptic Special - Spring - 2009.jpg,873.2,K
1979/Covers 1979/Vol. 3 No. 3 July 1979.jpg,861.44,K
Heavy Metal Magazine Cover Collection/Vol. 3 No. 3 July 1979.jpg,861.44,K
1978/Covers 1978/Vol. 2 No. 4 August 1978.jpg,855.19,K
Heavy Metal Magazine Cover Collection/Vol. 2 No. 4 August 1978.jpg,855.19,K
1978/Covers 1978/Vol. 2 No. 6 October 1978.jpg,851.89,K
Heavy Metal Magazine Cover Collection/Vol. 2 No. 6 October 1978.jpg,851.89,K
Heavy Metal Magazine Cover Collection/Vol. 21 No. 4 September 1997.jpg,847.1,K
1997/Covers 1997/Vol. 21 No. 4 September 1997.jpg,847.1,K
Heavy Metal Magazine Cover Collection/Vol. 3 No. 2 June 1979.jpg,845.89,K
1979/Covers 1979/Vol. 3 No. 2 June 1979.jpg,845.89,K
2000/Covers 2000/Vol. 23 No. 6 January 2000.jpg,845.68,K
Heavy Metal Magazine Cover Collection/Vol. 23 No. 6 January 2000.jpg,845.68,K
Heavy Metal Magazine Cover Collection/Vol. 34 No. 3 May 2010 (magazine lists it as Vol. 24 No. 2).jpg,834.41,K
2010/Covers 2010/Vol. 34 No. 3 May 2010 (magazine lists it as Vol. 24 No. 2).jpg,834.41,K
Heavy Metal Magazine Cover Collection/Vol. 17 No. 1 Samurai Special - Spring - 2003.jpg,832.89,K
2003/Covers 2003/Vol. 17 No. 1 Samurai Special - Spring - 2003.jpg,832.89,K
Heavy Metal Magazine Cover Collection/Vol. 23 No. 3 July 1999 (magazine lists it as Vol. 22 No. 3).jpg,830.01,K
1999/Covers 1999/Vol. 23 No. 3 July 1999 (magazine lists it as Vol. 22 No. 3).jpg,830.01,K
Heavy Metal Magazine Cover Collection/Vol. 4 No. 4 July 1980.jpg,825.02,K
1980/Covers 1980/Vol. 4 No. 4 July 1980.jpg,825.02,K
2007/Covers 2007/Vol. 21 No. 1 Genesis Special - Spring - 2007.jpg,822.96,K
Heavy Metal Magazine Cover Collection/Vol. 21 No. 1 Genesis Special - Spring - 2007.jpg,822.96,K
Heavy Metal Magazine Cover Collection/Vol. 11 No. 3 Fall 1987 (magazine lists it as Vol. 11 No. 111).jpg,817.8,K
1987/Covers 1987/Vol. 11 No. 3 Fall 1987 (magazine lists it as Vol. 11 No. 111).jpg,817.8,K
1985/Covers 1985/Vol. 9 No. 6 September 1985.jpg,816.06,K
Heavy Metal Magazine Cover Collection/Vol. 9 No. 6 September 1985.jpg,816.06,K
1992/Covers 1992/Vol. 15 No. 7 March 1992 (magazine lists it as Vol. 15 No. 6).jpg,815.89,K
Heavy Metal Magazine Cover Collection/Vol. 15 No. 7 March 1992 (magazine lists it as Vol. 15 No. 6).jpg,815.89,K
Heavy Metal Magazine Cover Collection/Vol. 22 No. 4 September 1998.jpg,813.73,K
1998/Covers 1998/Vol. 22 No. 4 September 1998.jpg,813.73,K
Heavy Metal Magazine Cover Collection/Vol. 14 No. 1 March 1990.jpg,812.51,K
1990/Covers 1990/Vol. 14 No. 1 March 1990.jpg,812.51,K
1999/Covers 1999/Vol. 23 No. 5 November 1999 (magazine lists it as Vol. 23 No. 10).jpg,811.29,K
Heavy Metal Magazine Cover Collection/Vol. 23 No. 5 November 1999 (magazine lists it as Vol. 23 No. 10).jpg,811.29,K
Heavy Metal Magazine Cover Collection/Vol. 12 No. 1 Spring 1988.jpg,806.24,K
1988/Covers 1988/Vol. 12 No. 1 Spring 1988.jpg,806.24,K
Heavy Metal Magazine Cover Collection/Vol. 26 No. 6 January 2003.jpg,802.4,K
2003/Covers 2003/Vol. 26 No. 6 January 2003.jpg,802.4,K
1979/Covers 1979/Vol. 3 No. 6 October 1979.jpg,799,K
Heavy Metal Magazine Cover Collection/Vol. 3 No. 6 October 1979.jpg,799,K
Heavy Metal Magazine Cover Collection/Vol. 2 No. 3 July 1978.jpg,792.6,K
1978/Covers 1978/Vol. 2 No. 3 July 1978.jpg,792.6,K
1980/Covers 1980/Vol. 4 No. 8 November 1980.jpg,790.34,K
Heavy Metal Magazine Cover Collection/Vol. 4 No. 8 November 1980.jpg,790.34,K
2010/Covers 2010/Vol. 34 No. 1 March 2010.jpg,788.09,K
Heavy Metal Magazine Cover Collection/Vol. 34 No. 1 March 2010.jpg,788.09,K
2008/Covers 2008/Vol. 32 No. 6 September 2008.jpg,788,K
Heavy Metal Magazine Cover Collection/Vol. 32 No. 6 September 2008.jpg,788,K
Heavy Metal Magazine Cover Collection/Vol. 3 No. 4 August 1979.jpg,781.94,K
1979/Covers 1979/Vol. 3 No. 4 August 1979.jpg,781.94,K
1989/Covers 1989/Vol. 12 No. 4 Winter - 1989.jpg,773.44,K
Heavy Metal Magazine Cover Collection/Vol. 12 No. 4 Winter - 1989.jpg,773.44,K
Heavy Metal Magazine Cover Collection/Vol. 4 No. 2 May 1980.jpg,771.84,K
1980/Covers 1980/Vol. 4 No. 2 May 1980.jpg,771.84,K
Heavy Metal Magazine Cover Collection/Vol. 1 No. 1 Fantasy Issue - August - 2003.jpg,770.62,K
2003/Covers 2003/Vol. 1 No. 1 Fantasy Issue - August - 2003.jpg,770.62,K
1981/Covers 1981/Vol. 5 No. 8 November 1981.jpg,769.63,K
Heavy Metal Magazine Cover Collection/Vol. 5 No. 8 November 1981.jpg,769.63,K
1980/Covers 1980/Vol. 4 No. 6 September 1980.jpg,767.87,K
Heavy Metal Magazine Cover Collection/Vol. 4 No. 6 September 1980.jpg,767.87,K
2003/Covers 2003/Vol. 27 No. 4 September 2003.jpg,767.03,K
Heavy Metal Magazine Cover Collection/Vol. 27 No. 4 September 2003.jpg,767.03,K
1981/Covers 1981/Vol. 4 No. 12 March 1981.jpg,761.34,K
Heavy Metal Magazine Cover Collection/Vol. 4 No. 12 March 1981.jpg,761.34,K
1998/Covers 1998/Vol. 22 No. 1 March 1998.jpg,761.03,K
Heavy Metal Magazine Cover Collection/Vol. 22 No. 1 March 1998.jpg,761.03,K
Heavy Metal Magazine Cover Collection/Vol. 2 No. 10 February 1979.jpg,760.6,K
1979/Covers 1979/Vol. 2 No. 10 February 1979.jpg,760.6,K
Heavy Metal Magazine Cover Collection/Vol. 19 No. 1 Middle Earth Special - Spring - 2005.jpg,760.37,K
2005/Covers 2005/Vol. 19 No. 1 Middle Earth Special - Spring - 2005.jpg,760.37,K
1978/Covers 1978/Vol. 2 No. 1 May 1978.jpg,751.59,K
Heavy Metal Magazine Cover Collection/Vol. 2 No. 1 May 1978.jpg,751.59,K
Heavy Metal Magazine Cover Collection/Vol. 33 No. 7 November 2009.jpg,749.79,K
2009/Covers 2009/Vol. 33 No. 7 November 2009.jpg,749.79,K
Heavy Metal Magazine Cover Collection/Vol. 3 No. 7 November 1979.jpg,745.01,K
1979/Covers 1979/Vol. 3 No. 7 November 1979.jpg,745.01,K
Heavy Metal Magazine Cover Collection/Vol. 21 No. 5 November 1997.jpg,740.37,K
1997/Covers 1997/Vol. 21 No. 5 November 1997.jpg,740.37,K
2000/Covers 2000/Vol. 24 No. 4 September 2000.jpg,739.88,K
Heavy Metal Magazine Cover Collection/Vol. 24 No. 4 September 2000.jpg,739.88,K
2007/Covers 2007/Vol. 31 No. 5 November 2007.jpg,736.02,K
Heavy Metal Magazine Cover Collection/Vol. 31 No. 5 November 2007.jpg,736.02,K
1989/Covers 1989/Vol. 13 No. 4 September 1989.jpg,733.25,K
Heavy Metal Magazine Cover Collection/Vol. 13 No. 4 September 1989.jpg,733.25,K
Heavy Metal Magazine Cover Collection/Vol. 13 No. 6 January 1990.jpg,726.53,K
1990/Covers 1990/Vol. 13 No. 6 January 1990.jpg,726.53,K
Heavy Metal Magazine Cover Collection/Vol. 33 No. 5 Arcane Special - Summer - 2009.jpg,722.67,K
2009/Covers 2009/Vol. 33 No. 5 Arcane Special - Summer - 2009.jpg,722.67,K
Heavy Metal Magazine Cover Collection/Vol. 22 No. 2 May 1998.jpg,719.83,K
1998/Covers 1998/Vol. 22 No. 2 May 1998.jpg,719.83,K
2011/Covers 2011/Vol. 35 No. 1 March 2011.jpg,717.83,K
Heavy Metal Magazine Cover Collection/Vol. 35 No. 1 March 2011.jpg,717.83,K
Heavy Metal Magazine Cover Collection/Vol. 19 No. 3 Digitized Special - Fall - 2005.jpg,712.19,K
2005/Covers 2005/Vol. 19 No. 3 Digitized Special - Fall - 2005.jpg,712.19,K
1978/Covers 1978/Vol. 1 No. 13 April 1978.jpg,712.04,K
Heavy Metal Magazine Cover Collection/Vol. 1 No. 13 April 1978.jpg,712.04,K
Heavy Metal Magazine Cover Collection/Vol. 3 No. 1 May 1979.jpg,709.94,K
1979/Covers 1979/Vol. 3 No. 1 May 1979.jpg,709.94,K
2007/Covers 2007/Vol. 31 No. 4 September 2007.jpg,709.94,K
Heavy Metal Magazine Cover Collection/Vol. 31 No. 4 September 2007.jpg,709.94,K
Heavy Metal Magazine Cover Collection/Vol. 2 No. 2 June 1978 (magazine lists it as Vol. 3 No. 2) June 1978.jpg,707.69,K
1978/Covers 1978/Vol. 2 No. 2 June 1978 (magazine lists it as Vol. 3 No. 2) June 1978.jpg,707.69,K
Heavy Metal Magazine Cover Collection/Vol. 9 No. 4 July 1985.jpg,706.15,K
1985/Covers 1985/Vol. 9 No. 4 July 1985.jpg,706.15,K
Heavy Metal Magazine Cover Collection/Vol. 32 No. 1 March 2008.jpg,705.51,K
2008/Covers 2008/Vol. 32 No. 1 March 2008.jpg,705.51,K
1983/Covers 1983/Vol. 7 No. 7 October 1983.jpg,703.18,K
Heavy Metal Magazine Cover Collection/Vol. 7 No. 7 October 1983.jpg,703.18,K
Heavy Metal Magazine Cover Collection/Vol. 16 No. 3 - 25th Anniversary Special - 2002.jpg,701.88,K
2002/Covers 2002/Vol. 16 No. 3 - 25th Anniversary Special - 2002.jpg,701.88,K
1981/Covers 1981/Vol. 4 No. 10 January 1981.jpg,700.41,K
Heavy Metal Magazine Cover Collection/Vol. 4 No. 10 January 1981.jpg,700.41,K
Heavy Metal Magazine Cover Collection/Vol. 34 No. 8 Fright Special - Fall - 2010.jpg,692.82,K
2010/Covers 2010/Vol. 34 No. 8 Fright Special - Fall - 2010.jpg,692.82,K
Heavy Metal Magazine Cover Collection/Vol. 22 No. 3 July 1998.jpg,692.25,K
1998/Covers 1998/Vol. 22 No. 3 July 1998.jpg,692.25,K
2006/Covers 2006/Vol. 30 No. 3 July 2006.jpg,690.34,K
Heavy Metal Magazine Cover Collection/Vol. 30 No. 3 July 2006.jpg,690.34,K
Heavy Metal Magazine Cover Collection/Vol. 5 No. 1 April 1981.jpg,688.56,K
1981/Covers 1981/Vol. 5 No. 1 April 1981.jpg,688.56,K
1993/Covers 1993/Vol. 16 No. 5 January 1993 (magazine lists it as Vol. 18 No. 5).jpg,687.88,K
Heavy Metal Magazine Cover Collection/Vol. 16 No. 5 January 1993 (magazine lists it as Vol. 18 No. 5).jpg,687.88,K
Heavy Metal Magazine Cover Collection/Vol. 13 No. 2 May 1989.jpg,682.15,K
1989/Covers 1989/Vol. 13 No. 2 May 1989.jpg,682.15,K
2001/Covers 2001/Vol. 15 No. 3 Mind Melt Special - Fall - 2001.jpg,679.17,K
Heavy Metal Magazine Cover Collection/Vol. 15 No. 3 Mind Melt Special - Fall - 2001.jpg,679.17,K
2006/Covers 2006/Vol. 20 No. 1 Steam Punk Special - Spring - 2006.jpg,679.15,K
Heavy Metal Magazine Cover Collection/Vol. 20 No. 1 Steam Punk Special - Spring - 2006.jpg,679.15,K
Heavy Metal Magazine Cover Collection/Vol. 9 No. 3 June 1985.jpg,678.24,K
1985/Covers 1985/Vol. 9 No. 3 June 1985.jpg,678.24,K
Heavy Metal Magazine Cover Collection/Vol. 31 No. 6 January 2008.jpg,677.14,K
2008/Covers 2008/Vol. 31 No. 6 January 2008.jpg,677.14,K
2007/Covers 2007/Vol. 31 No. 3 July 2007.jpg,672.45,K
Heavy Metal Magazine Cover Collection/Vol. 31 No. 3 July 2007.jpg,672.45,K
2007/Covers 2007/Vol. 31 No. 2 May 2007.jpg,667.26,K
Heavy Metal Magazine Cover Collection/Vol. 31 No. 2 May 2007.jpg,667.26,K
1988/Covers 1988/Vol. 12 No. 3 Fall 1988.jpg,663.28,K
Heavy Metal Magazine Cover Collection/Vol. 12 No. 3 Fall 1988.jpg,663.28,K
1999/Covers 1999/Vol. 13 No. 3 Techno - Fall - 1999.jpg,660.27,K
Heavy Metal Magazine Cover Collection/Vol. 13 No. 3 Techno - Fall - 1999.jpg,660.27,K
1999/Covers 1999/Vol. 13 No. 2 F.A.K.K.² Movie Special - Summer - 1999.jpg,659.51,K
Heavy Metal Magazine Cover Collection/Vol. 13 No. 2 F.A.K.K.² Movie Special - Summer - 1999.jpg,659.51,K
2000/Covers 2000/Vol. 24 No. 2 May 2000.jpg,659.38,K
Heavy Metal Magazine Cover Collection/Vol. 24 No. 2 May 2000.jpg,659.38,K
Heavy Metal Magazine Cover Collection/Vol. 1 No. 9 December 1977.jpg,657.96,K
1977/Covers 1977/Vol. 1 No. 9 December 1977.jpg,657.96,K
Heavy Metal Magazine Cover Collection/Vol. 8 No. 9 December 1984.jpg,654.9,K
1984/Covers 1984/Vol. 8 No. 9 December 1984.jpg,654.9,K
2006/Covers 2006/Vol. 30 No. 2 May 2006.jpg,649.51,K
Heavy Metal Magazine Cover Collection/Vol. 30 No. 2 May 2006.jpg,649.51,K
2011/Covers 2011/Vol. 34 No. 9 January 2011.jpg,645.05,K
Heavy Metal Magazine Cover Collection/Vol. 34 No. 9 January 2011.jpg,645.05,K
Heavy Metal Magazine Cover Collection/Vol. 5 No. 3 June 1981.jpg,643.66,K
1981/Covers 1981/Vol. 5 No. 3 June 1981.jpg,643.66,K
1986/Covers 1986/Vol. 10 No. 1 Spring 1986.jpg,640.33,K
Heavy Metal Magazine Cover Collection/Vol. 10 No. 1 Spring 1986.jpg,640.33,K
1986/Covers 1986/Vol. 9 No. 10 Winter 1986.jpg,636.42,K
Heavy Metal Magazine Cover Collection/Vol. 9 No. 10 Winter 1986.jpg,636.42,K
Heavy Metal Magazine Cover Collection/Vol. 4 No. 1 April 1980.jpg,633.15,K
1980/Covers 1980/Vol. 4 No. 1 April 1980.jpg,633.15,K
1980/Covers 1980/Vol. 4 No. 7 October 1980.jpg,632.62,K
Heavy Metal Magazine Cover Collection/Vol. 4 No. 7 October 1980.jpg,632.62,K
1986/Covers 1986/Vol. 10 No. 2 Summer 1986.jpg,632.52,K
Heavy Metal Magazine Cover Collection/Vol. 10 No. 2 Summer 1986.jpg,632.52,K
1984/Covers 1984/Vol. 8 No. 7 October 1984.jpg,630.78,K
Heavy Metal Magazine Cover Collection/Vol. 8 No. 7 October 1984.jpg,630.78,K
2003/Covers 2003/Vol. 27 No. 1 March 2003.jpg,627.26,K
Heavy Metal Magazine Cover Collection/Vol. 27 No. 1 March 2003.jpg,627.26,K
Heavy Metal Magazine Cover Collection/Vol. 8 No. 2 May 1984.jpg,618.47,K
1984/Covers 1984/Vol. 8 No. 2 May 1984.jpg,618.47,K
Heavy Metal Magazine Cover Collection/Vol. 20 No. 3 Halloween Special - Fall - 2006.jpg,617.1,K
2006/Covers 2006/Vol. 20 No. 3 Halloween Special - Fall - 2006.jpg,617.1,K
Heavy Metal Magazine Cover Collection/Vol. 9 No. 5 August 1985.jpg,615.17,K
1985/Covers 1985/Vol. 9 No. 5 August 1985.jpg,615.17,K
1998/Covers 1998/Vol. 21 No. 6 January 1998.jpg,615.15,K
Heavy Metal Magazine Cover Collection/Vol. 21 No. 6 January 1998.jpg,615.15,K
Heavy Metal Magazine Cover Collection/Vol. 15 No. 6 January 1992.jpg,613.35,K
1992/Covers 1992/Vol. 15 No. 6 January 1992.jpg,613.35,K
1979/Covers 1979/Vol. 2 No. 11 March 1979.jpg,612.99,K
Heavy Metal Magazine Cover Collection/Vol. 2 No. 11 March 1979.jpg,612.99,K
Heavy Metal Magazine Cover Collection/The Best Of [1982].jpg,608.17,K
1982/Covers 1982/The Best Of [1982].jpg,608.17,K
Heavy Metal Magazine Cover Collection/Vol. 9 No. 1 April 1985 (magazine lists it as Vol. 9 No. 13).jpg,607.63,K
1985/Covers 1985/Vol. 9 No. 1 April 1985 (magazine lists it as Vol. 9 No. 13).jpg,607.63,K
2001/Covers 2001/Vol. 15 No. 1 Taboo Special - Spring - 2001.jpg,605.88,K
Heavy Metal Magazine Cover Collection/Vol. 15 No. 1 Taboo Special - Spring - 2001.jpg,605.88,K
Heavy Metal Magazine Cover Collection/Vol. 7 No. 12 March 1984.jpg,605.54,K
1984/Covers 1984/Vol. 7 No. 12 March 1984.jpg,605.54,K
1997/Covers 1997/Vol. 11 No. 2 - 20 Years - Fall - 1997.jpg,598.63,K
Heavy Metal Magazine Cover Collection/Vol. 11 No. 2 - 20 Years - Fall - 1997.jpg,598.63,K
Heavy Metal Magazine Cover Collection/Vol. 8 No. 3 June 1984.jpg,598,K
1984/Covers 1984/Vol. 8 No. 3 June 1984.jpg,598,K
Heavy Metal Magazine Cover Collection/Heavy Metal Magazine SDCC Cover 2011.jpg,596.25,K
2011/Covers 2011/Heavy Metal Magazine SDCC Cover 2011.jpg,596.25,K
Heavy Metal Magazine Cover Collection/Vol. 21 No. 3 July 1997.jpg,595.36,K
1997/Covers 1997/Vol. 21 No. 3 July 1997.jpg,595.36,K
2006/Covers 2006/Vol. 30 No. 1 March 2006.jpg,592.05,K
Heavy Metal Magazine Cover Collection/Vol. 30 No. 1 March 2006.jpg,592.05,K
1978/Covers 1978/Vol. 1 No. 12 March 1978.jpg,591.43,K
Heavy Metal Magazine Cover Collection/Vol. 1 No. 12 March 1978.jpg,591.43,K
1985/Covers 1985/Vol. 8 No. 10 January 1985.jpg,590.7,K
Heavy Metal Magazine Cover Collection/Vol. 8 No. 10 January 1985.jpg,590.7,K
1985/Covers 1985/Vol. 9 No. 8 November 1985.jpg,587.4,K
Heavy Metal Magazine Cover Collection/Vol. 9 No. 8 November 1985.jpg,587.4,K
2007/Covers 2007/Vol. 21 No. 2 Upload Special - Summer - 2007.jpg,584.47,K
Heavy Metal Magazine Cover Collection/Vol. 21 No. 2 Upload Special - Summer - 2007.jpg,584.47,K
Heavy Metal Magazine Cover Collection/Vol. 14 No. 2 CD Special - Summer - 2000.jpg,584.06,K
2000/Covers 2000/Vol. 14 No. 2 CD Special - Summer - 2000.jpg,584.06,K
1980/Covers 1980/Vol. 4 No. 5 August 1980.jpg,582.13,K
Heavy Metal Magazine Cover Collection/Vol. 4 No. 5 August 1980.jpg,582.13,K
1983/Covers 1983/Vol. 7 No. 4 July 1983.jpg,581.95,K
Heavy Metal Magazine Cover Collection/Vol. 7 No. 4 July 1983.jpg,581.95,K
1985/Covers 1985/Vol. 9 No. 7 October 1985.JPG,581.35,K
Heavy Metal Magazine Cover Collection/Vol. 9 No. 7 October 1985.JPG,581.35,K
Heavy Metal Magazine Cover Collection/Vol. 29 No. 5 November 2005.jpg,581.26,K
2005/Covers 2005/Vol. 29 No. 5 November 2005.jpg,581.26,K
2001/Covers 2001/Vol. 25 No. 1 March 2001.jpg,578.52,K
Heavy Metal Magazine Cover Collection/Vol. 25 No. 1 March 2001.jpg,578.52,K
Heavy Metal Magazine Cover Collection/Vol. 11 No. 1 Spring 1987.jpg,574.35,K
1987/Covers 1987/Vol. 11 No. 1 Spring 1987.jpg,574.35,K
Heavy Metal Magazine Cover Collection/Vol. 31 No. 1 March 2007.jpg,570.77,K
2007/Covers 2007/Vol. 31 No. 1 March 2007.jpg,570.77,K
Heavy Metal Magazine Cover Collection/Vol. 4 No. 3 June 1980.jpg,565.99,K
1980/Covers 1980/Vol. 4 No. 3 June 1980.jpg,565.99,K
Heavy Metal Magazine Cover Collection/Vol. 33 No. 3 May 2009.jpg,559.41,K
2009/Covers 2009/Vol. 33 No. 3 May 2009.jpg,559.41,K
Heavy Metal Magazine Cover Collection/Vol. 27 No. 2 May 2003.jpg,552.03,K
2003/Covers 2003/Vol. 27 No. 2 May 2003.jpg,552.03,K
1979/Covers 1979/Vol. 3 No. 5 September 1979.jpg,551.93,K
Heavy Metal Magazine Cover Collection/Vol. 3 No. 5 September 1979.jpg,551.93,K
1990/Covers 1990/Vol. 14 No. 2 May 1990.jpg,547.81,K
Heavy Metal Magazine Cover Collection/Vol. 14 No. 2 May 1990.jpg,547.81,K
2010/Covers 2010/Vol. 33 No. 9 January 2010.jpg,547.5,K
Heavy Metal Magazine Cover Collection/Vol. 33 No. 9 January 2010.jpg,547.5,K
1982/Covers 1982/Vol. 6 No. 6 September 1982.jpg,543.72,K
Heavy Metal Magazine Cover Collection/Vol. 6 No. 6 September 1982.jpg,543.72,K
Heavy Metal Magazine Cover Collection/Vol. 7 No. 8 November 1983.jpg,541.94,K
1983/Covers 1983/Vol. 7 No. 8 November 1983.jpg,541.94,K
2001/Covers 2001/Vol. 25 No. 5 November.jpg,540.5,K
Heavy Metal Magazine Cover Collection/Vol. 25 No. 5 November.jpg,540.5,K
2000/Covers 2000/Vol. 24 No. 5 November 2000.jpg,535.97,K
Heavy Metal Magazine Cover Collection/Vol. 24 No. 5 November 2000.jpg,535.97,K
1990/Covers 1990/Vol. 14 No. 4 September 1990.jpg,532.91,K
Heavy Metal Magazine Cover Collection/Vol. 14 No. 4 September 1990.jpg,532.91,K
Heavy Metal Magazine Cover Collection/Vol. 11 No. 2 Summer 1987 (magazine lists it as Vol. 11 No. 11).jpg,528.62,K
1987/Covers 1987/Vol. 11 No. 2 Summer 1987 (magazine lists it as Vol. 11 No. 11).jpg,528.62,K
Heavy Metal Magazine Cover Collection/Vol. 8 No. 4 July 1984.jpg,527.79,K
1984/Covers 1984/Vol. 8 No. 4 July 1984.jpg,527.79,K
Heavy Metal Magazine Cover Collection/Vol. 8 No. 5 August 1984.jpg,527.64,K
1984/Covers 1984/Vol. 8 No. 5 August 1984.jpg,527.64,K
1979/Covers 1979/Vol. 2 No. 12 April 1979.jpg,526.64,K
Heavy Metal Magazine Cover Collection/Vol. 2 No. 12 April 1979.jpg,526.64,K
Heavy Metal Magazine Cover Collection/Vol. 17 No. 4 September 1993.jpg,526.13,K
1993/Covers 1993/Vol. 17 No. 4 September 1993.jpg,526.13,K
1983/Covers 1983/Even Heavier Metal [1983].jpg,525.24,K
Heavy Metal Magazine Cover Collection/Even Heavier Metal [1983].jpg,525.24,K
Heavy Metal Magazine Cover Collection/Vol. 33 No. 8 Terror Special - Fall - 2009.jpg,524.48,K
2009/Covers 2009/Vol. 33 No. 8 Terror Special - Fall - 2009.jpg,524.48,K
1995/Covers 1995/Vol. 19 No. 2 May 1995.jpg,522.98,K
Heavy Metal Magazine Cover Collection/Vol. 19 No. 2 May 1995.jpg,522.98,K
1980/Covers 1980/Vol. 4 No. 9 December 1980.jpg,520.41,K
Heavy Metal Magazine Cover Collection/Vol. 4 No. 9 December 1980.jpg,520.41,K
Heavy Metal Magazine Cover Collection/Vol. 5 No. 4 The Venus Interface - 1989.jpg,519.1,K
1989/Covers 1989/Vol. 5 No. 4 The Venus Interface - 1989.jpg,519.1,K
Heavy Metal Magazine Cover Collection/Vol. 5 No. 2 May 1981.jpg,516.26,K
1981/Covers 1981/Vol. 5 No. 2 May 1981.jpg,516.26,K
Heavy Metal Magazine Cover Collection/Vol. 18 No. 2 May 1994.jpg,512.65,K
1994/Covers 1994/Vol. 18 No. 2 May 1994.jpg,512.65,K
2009/Covers 2009/Vol. 33 No. 4 July 2009.jpg,512.64,K
Heavy Metal Magazine Cover Collection/Vol. 33 No. 4 July 2009.jpg,512.64,K
Heavy Metal Magazine Cover Collection/Vol. 15 No. 3 July 1991.jpg,512.18,K
1991/Covers 1991/Vol. 15 No. 3 July 1991.jpg,512.18,K
Heavy Metal Magazine Cover Collection/Vol. 20 No. 2 Sky Doll Special - Summer - 2006.jpg,509.44,K
2006/Covers 2006/Vol. 20 No. 2 Sky Doll Special - Summer - 2006.jpg,509.44,K
Heavy Metal Magazine Cover Collection/Vol. 11 No 1 Horror Special - 1997.jpg,507.58,K
1997/Covers 1997/Vol. 11 No 1 Horror Special - 1997.jpg,507.58,K
Heavy Metal Magazine Cover Collection/Vol. 24 No. 1 March 2000.jpg,501.67,K
2000/Covers 2000/Vol. 24 No. 1 March 2000.jpg,501.67,K
Heavy Metal Magazine Cover Collection/Vol. 33 No. 1 March 2009.jpg,498.97,K
2009/Covers 2009/Vol. 33 No. 1 March 2009.jpg,498.97,K
Heavy Metal Magazine Cover Collection/Vol. 13 No. 1 March 1989.jpg,497.93,K
1989/Covers 1989/Vol. 13 No. 1 March 1989.jpg,497.93,K
Heavy Metal Magazine Cover Collection/Vol. 29 No. 6 January 2006.jpg,494.94,K
2006/Covers 2006/Vol. 29 No. 6 January 2006.jpg,494.94,K
1980/Covers 1980/Vol. 3 No. 9 January 1980.jpg,493.84,K
Heavy Metal Magazine Cover Collection/Vol. 3 No. 9 January 1980.jpg,493.84,K
2002/Covers 2002/Vol. 25 No. 6 January 2002.jpg,492.29,K
Heavy Metal Magazine Cover Collection/Vol. 25 No. 6 January 2002.jpg,492.29,K
1977/Covers 1977/Vol. 1 No. 3 June 1977.jpg,492.02,K
Heavy Metal Magazine Cover Collection/Vol. 1 No. 3 June 1977.jpg,492.02,K
1982/Covers 1982/Vol. 6 No. 3 June 1982.jpg,488.13,K
Heavy Metal Magazine Cover Collection/Vol. 6 No. 3 June 1982.jpg,488.13,K
1977/Covers 1977/Vol. 1 No. 8 November 1977.jpg,487.32,K
Heavy Metal Magazine Cover Collection/Vol. 1 No. 8 November 1977.jpg,487.32,K
1985/Covers 1985/Vol. 8 No. 11 February 1985.jpg,486.33,K
Heavy Metal Magazine Cover Collection/Vol. 8 No. 11 February 1985.jpg,486.33,K
Heavy Metal Magazine Cover Collection/Vol. 27 No. 3 July 2003.jpg,485.06,K
2003/Covers 2003/Vol. 27 No. 3 July 2003.jpg,485.06,K
Heavy Metal Magazine Cover Collection/The Best Of #2 [1986].jpg,484.66,K
1986/Covers 1986/The Best Of #2 [1986].jpg,484.66,K
Heavy Metal Magazine Cover Collection/Vol. 10 No. 4 Winter 1987.jpg,482.79,K
1987/Covers 1987/Vol. 10 No. 4 Winter 1987.jpg,482.79,K
1983/Covers 1983/Vol. 7 No. 5 August 1983.jpg,482.69,K
Heavy Metal Magazine Cover Collection/Vol. 7 No. 5 August 1983.jpg,482.69,K
1980/Covers 1980/Vol. 3 No. 11 March 1980.jpg,479.36,K
Heavy Metal Magazine Cover Collection/Vol. 3 No. 11 March 1980.jpg,479.36,K
1984/Covers 1984/Vol. 7 No. 11 February 1984.jpg,476.72,K
Heavy Metal Magazine Cover Collection/Vol. 7 No. 11 February 1984.jpg,476.72,K
Heavy Metal Magazine Cover Collection/Vol. 5 No. 12 March 1982.jpg,471.92,K
1982/Covers 1982/Vol. 5 No. 12 March 1982.jpg,471.92,K
Heavy Metal Magazine Cover Collection/Vol. 5 No. 5 August 1981.jpg,470.9,K
1981/Covers 1981/Vol. 5 No. 5 August 1981.jpg,470.9,K
1981/Covers 1981/Vol. 5 No. 6 September 1981.jpg,470.18,K
Heavy Metal Magazine Cover Collection/Vol. 5 No. 6 September 1981.jpg,470.18,K
Heavy Metal Magazine Cover Collection/Vol. 1 No. 1 April 1977.jpg,468.82,K
1977/Covers 1977/Vol. 1 No. 1 April 1977.jpg,468.82,K
1978/Covers 1978/Vol. 1 No. 10 January 1978.jpg,467.72,K
Heavy Metal Magazine Cover Collection/Vol. 1 No. 10 January 1978.jpg,467.72,K
Heavy Metal Magazine Cover Collection/Vol. 17 No. 2 May 1993 (magazine lists it as Vol. 30 No. 7).jpg,462.95,K
1993/Covers 1993/Vol. 17 No. 2 May 1993 (magazine lists it as Vol. 30 No. 7).jpg,462.95,K
Heavy Metal Magazine Cover Collection/Vol. 14 No. 6 January 1991.jpg,462.27,K
1991/Covers 1991/Vol. 14 No. 6 January 1991.jpg,462.27,K
Heavy Metal Magazine Cover Collection/Vol. 30 No. 4 September 2006.jpg,460.83,K
2006/Covers 2006/Vol. 30 No. 4 September 2006.jpg,460.83,K
Heavy Metal Magazine Cover Collection/Vol. 2 No. 8 December 1978.jpg,457.38,K
1978/Covers 1978/Vol. 2 No. 8 December 1978.jpg,457.38,K
Heavy Metal Magazine Cover Collection/Vol. 25 No. 2 May 2001.jpg,452.39,K
2001/Covers 2001/Vol. 25 No. 2 May 2001.jpg,452.39,K
Heavy Metal Magazine Cover Collection/Vol. 21 No. 2 May 1997.jpg,451.62,K
1997/Covers 1997/Vol. 21 No. 2 May 1997.jpg,451.62,K
1983/Covers 1983/Vol. 7 No. 9 December 1983.jpg,450.98,K
Heavy Metal Magazine Cover Collection/Vol. 7 No. 9 December 1983.jpg,450.98,K
Heavy Metal Magazine Cover Collection/Vol. 15 No. 2 May 1991.jpg,450.13,K
1991/Covers 1991/Vol. 15 No. 2 May 1991.jpg,450.13,K
1985/Covers 1985/Vol. 8 No. 12 March 1985.jpg,447.61,K
Heavy Metal Magazine Cover Collection/Vol. 8 No. 12 March 1985.jpg,447.61,K
Heavy Metal Magazine Cover Collection/Vol. 21 No. 3 - 30th Anniversary Special - Fall - 2007.jpg,447.49,K
2007/Covers 2007/Vol. 21 No. 3 - 30th Anniversary Special - Fall - 2007.jpg,447.49,K
2007/Covers 2007/Vol. 30 No. 6 January 2007.jpg,443.36,K
Heavy Metal Magazine Cover Collection/Vol. 30 No. 6 January 2007.jpg,443.36,K
Heavy Metal Magazine Cover Collection/Vol. 19 No. 6 January 1996.jpg,442.58,K
1996/Covers 1996/Vol. 19 No. 6 January 1996.jpg,442.58,K
Heavy Metal Magazine Cover Collection/Vol. 16 No. 3 September 1992 (magazine lists it as Vol. 17 No. 3).jpg,440.56,K
1992/Covers 1992/Vol. 16 No. 3 September 1992 (magazine lists it as Vol. 17 No. 3).jpg,440.56,K
Heavy Metal Magazine Cover Collection/Vol. 1 No. 7 October 1977.jpg,439.57,K
1977/Covers 1977/Vol. 1 No. 7 October 1977.jpg,439.57,K
Heavy Metal Magazine Cover Collection/Vol. 32 No. 9 January 2009.JPG,437.1,K
2009/Covers 2009/Vol. 32 No. 9 January 2009.JPG,437.1,K
Heavy Metal Magazine Cover Collection/Vol. 17 No. 6 January 1994.jpg,436.89,K
1994/Covers 1994/Vol. 17 No. 6 January 1994.jpg,436.89,K
1995/Covers 1995/Vol. 19 No. 5 November 1995.jpg,436.01,K
Heavy Metal Magazine Cover Collection/Vol. 19 No. 5 November 1995.jpg,436.01,K
2002/Covers 2002/Vol. 26 No. 3 July 2002.jpg,431.64,K
Heavy Metal Magazine Cover Collection/Vol. 26 No. 3 July 2002.jpg,431.64,K
1996/Covers 1996/Vol. 10 No. 1 One Step Beyond - 1996.jpg,430.75,K
Heavy Metal Magazine Cover Collection/Vol. 10 No. 1 One Step Beyond - 1996.jpg,430.75,K
1994/Covers 1994/Vol. 8 No. 1 Pin-Up - 1994.jpg,429.84,K
Heavy Metal Magazine Cover Collection/Vol. 8 No. 1 Pin-Up - 1994.jpg,429.84,K
2002/Covers 2002/Vol. 26 No. 1 March 2002.jpg,428.29,K
Heavy Metal Magazine Cover Collection/Vol. 26 No. 1 March 2002.jpg,428.29,K
2006/Covers 2006/Vol. 30 No. 5 November 2006.jpg,426.34,K
Heavy Metal Magazine Cover Collection/Vol. 30 No. 5 November 2006.jpg,426.34,K
2008/Covers 2008/Vol. 32 No. 5 (magazine lists it as Vol. 22 No. 2) Overload Special - Summer - 2008.JPG,426.07,K
Heavy Metal Magazine Cover Collection/Vol. 32 No. 5 (magazine lists it as Vol. 22 No. 2) Overload Special - Summer - 2008.JPG,426.07,K
Heavy Metal Magazine Cover Collection/Vol. 8 No. 2 Greatest Hits - 1994.jpg,425.43,K
1994/Covers 1994/Vol. 8 No. 2 Greatest Hits - 1994.jpg,425.43,K
1996/Covers 1996/Vol. 20 No. 5 November 1996.jpg,424.62,K
Heavy Metal Magazine Cover Collection/Vol. 20 No. 5 November 1996.jpg,424.62,K
Heavy Metal Magazine Cover Collection/Vol. 7 No. 1 War Machine - 1993.jpg,423.23,K
1993/Covers 1993/Vol. 7 No. 1 War Machine - 1993.jpg,423.23,K
1984/Covers 1984/Vol. 8 No. 8 November 1984.jpg,420.19,K
Heavy Metal Magazine Cover Collection/Vol. 8 No. 8 November 1984.jpg,420.19,K
2004/Covers 2004/Vol. 28 No. 1 March 2004.jpg,420.01,K
Heavy Metal Magazine Cover Collection/Vol. 28 No. 1 March 2004.jpg,420.01,K
Heavy Metal Magazine Cover Collection/Vol. 9 No. 9 December 1985.jpg,419.73,K
1985/Covers 1985/Vol. 9 No. 9 December 1985.jpg,419.73,K
Heavy Metal Magazine Cover Collection/Vol. 9 No. 1 Overdrive - 1995.jpg,417.32,K
1995/Covers 1995/Vol. 9 No. 1 Overdrive - 1995.jpg,417.32,K
Heavy Metal Magazine Cover Collection/Vol. 6 No. 8 November 1982.jpg,416.69,K
1982/Covers 1982/Vol. 6 No. 8 November 1982.jpg,416.69,K
Heavy Metal Magazine Cover Collection/Vol. 18 No. 4 September 1994.jpg,416.17,K
1994/Covers 1994/Vol. 18 No. 4 September 1994.jpg,416.17,K
2000/Covers 2000/Vol. 14 No. 3 Fantasy Special - Fall - 2000.jpg,415.42,K
Heavy Metal Magazine Cover Collection/Vol. 14 No. 3 Fantasy Special - Fall - 2000.jpg,415.42,K
2002/Covers 2002/Vol. 26 No. 2 May 2002.jpg,411.92,K
Heavy Metal Magazine Cover Collection/Vol. 26 No. 2 May 2002.jpg,411.92,K
Heavy Metal Magazine Cover Collection/Vol. 20 No. 3 July 1996.jpg,410.62,K
1996/Covers 1996/Vol. 20 No. 3 July 1996.jpg,410.62,K
1994/Covers 1994/Vol. 18 No. 3 July 1994.jpg,407.31,K
Heavy Metal Magazine Cover Collection/Vol. 18 No. 3 July 1994.jpg,407.31,K
Heavy Metal Magazine Cover Collection/Vol. 28 No. 4 September 2004.jpg,405.24,K
2004/Covers 2004/Vol. 28 No. 4 September 2004.jpg,405.24,K
Heavy Metal Magazine Cover Collection/Vol. 27 No. 6 January 2004.jpg,404.4,K
2004/Covers 2004/Vol. 27 No. 6 January 2004.jpg,404.4,K
1979/Covers 1979/Vol. 2 No. 9 January 1979.jpg,402.48,K
Heavy Metal Magazine Cover Collection/Vol. 2 No. 9 January 1979.jpg,402.48,K
1993/Covers 1993/Vol. 17 No. 3 July 1993.jpg,401.64,K
Heavy Metal Magazine Cover Collection/Vol. 17 No. 3 July 1993.jpg,401.64,K
2008/Covers 2008/Vol. 32 No. 8 Eerie Special - Fall - 2008.JPG,401.44,K
Heavy Metal Magazine Cover Collection/Vol. 32 No. 8 Eerie Special - Fall - 2008.JPG,401.44,K
1978/Covers 1978/Vol. 1 No. 11 February 1978.jpg,398.29,K
Heavy Metal Magazine Cover Collection/Vol. 1 No. 11 February 1978.jpg,398.29,K
Heavy Metal Magazine Cover Collection/Vol. 18 No. 1 March 1994.jpg,398.29,K
1994/Covers 1994/Vol. 18 No. 1 March 1994.jpg,398.29,K
2004/Covers 2004/Vol. 18 No. 3 Siren Special - Fall - 2003.jpg,395.2,K
Heavy Metal Magazine Cover Collection/Vol. 18 No. 3 Siren Special - Fall - 2003.jpg,395.2,K
1988/Covers 1988/Vol. 11 No. 4 Winter 1988.jpg,394.1,K
Heavy Metal Magazine Cover Collection/Vol. 11 No. 4 Winter 1988.jpg,394.1,K
2010/Covers 2010/Vol. 34 No. 7 November 2010 (magazine lists it as Vol. 24 No. 7).jpg,393.02,K
Heavy Metal Magazine Cover Collection/Vol. 34 No. 7 November 2010 (magazine lists it as Vol. 24 No. 7).jpg,393.02,K
Heavy Metal Magazine Cover Collection/Vol. 1 No. 6 September 1977.jpg,391.91,K
1977/Covers 1977/Vol. 1 No. 6 September 1977.jpg,391.91,K
1977/Covers 1977/Vol. 1 No. 5 August 1977.jpg,388.72,K
Heavy Metal Magazine Cover Collection/Vol. 1 No. 5 August 1977.jpg,388.72,K
Heavy Metal Magazine Cover Collection/Vol. 15 No. 4 September 1991.jpg,388.57,K
1991/Covers 1991/Vol. 15 No. 4 September 1991.jpg,388.57,K
Heavy Metal Magazine Cover Collection/Vol. 5 No. 7 October 1981.jpg,386.49,K
1981/Covers 1981/Vol. 5 No. 7 October 1981.jpg,386.49,K
1990/Covers 1990/Vol. 14 No. 3 July 1990.jpg,386.07,K
Heavy Metal Magazine Cover Collection/Vol. 14 No. 3 July 1990.jpg,386.07,K
Heavy Metal Magazine Cover Collection/Vol. 20 No. 6 January 1997.jpg,383.05,K
1997/Covers 1997/Vol. 20 No. 6 January 1997.jpg,383.05,K
Heavy Metal Magazine Cover Collection/Vol. 35 No. 2 Living Dead Special - Spring - 2011.jpg,382.17,K
2011/Covers 2011/Vol. 35 No. 2 Living Dead Special - Spring - 2011.jpg,382.17,K
1996/Covers 1996/Vol. 20 No. 2 May 1996.jpg,381.33,K
Heavy Metal Magazine Cover Collection/Vol. 20 No. 2 May 1996.jpg,381.33,K
2003/Covers 2003/Vol. 1 No. 2 Sorcery Issue - October - 2003.jpg,381.23,K
Heavy Metal Magazine Cover Collection/Vol. 1 No. 2 Sorcery Issue - October - 2003.jpg,381.23,K
1995/Covers 1995/Vol. 19 No. 1 March 1995.jpg,377.42,K
Heavy Metal Magazine Cover Collection/Vol. 19 No. 1 March 1995.jpg,377.42,K
Heavy Metal Magazine Cover Collection/Vol. 24 No. 6 January 2001.jpg,376.75,K
2001/Covers 2001/Vol. 24 No. 6 January 2001.jpg,376.75,K
Heavy Metal Magazine Cover Collection/Vol. 2 No. 7 November 1978.jpg,375.27,K
1978/Covers 1978/Vol. 2 No. 7 November 1978.jpg,375.27,K
Heavy Metal Magazine Cover Collection/Vol. 16 No. 2 July 1992.jpg,370.99,K
1992/Covers 1992/Vol. 16 No. 2 July 1992.jpg,370.99,K
1982/Covers 1982/Vol. 6 No. 5 August 1982.jpg,369.72,K
Heavy Metal Magazine Cover Collection/Vol. 6 No. 5 August 1982.jpg,369.72,K
Heavy Metal Magazine Cover Collection/Vol. 19 No. 4 September 1995.jpg,368.68,K
1995/Covers 1995/Vol. 19 No. 4 September 1995.jpg,368.68,K
1985/Covers 1985/Bride Of [1985].jpg,367.25,K
Heavy Metal Magazine Cover Collection/Bride Of [1985].jpg,367.25,K
2002/Covers 2002/Vol. 16 No. 1 Diabolic Special - Spring - 2002.jpg,364.72,K
Heavy Metal Magazine Cover Collection/Vol. 16 No. 1 Diabolic Special - Spring - 2002.jpg,364.72,K
2004/Covers 2004/Vol. 28 No. 2 May 2004.jpg,363.7,K
Heavy Metal Magazine Cover Collection/Vol. 28 No. 2 May 2004.jpg,363.7,K
2001/Covers 2001/Vol. 25 No. 4 September 2001.jpg,363.67,K
Heavy Metal Magazine Cover Collection/Vol. 25 No. 4 September 2001.jpg,363.67,K
Heavy Metal Magazine Cover Collection/Vol. 28 No. 5 November 2004.jpg,363.24,K
2004/Covers 2004/Vol. 28 No. 5 November 2004.jpg,363.24,K
Heavy Metal Magazine Cover Collection/Vol. 13 No. 3 July 1989.JPG,360.47,K
1989/Covers 1989/Vol. 13 No. 3 July 1989.JPG,360.47,K
2008/Covers 2008/Vol. 32 No. 4 July 2008 (magazine lists it as Vol. 32 No. 3).JPG,359.87,K
Heavy Metal Magazine Cover Collection/Vol. 32 No. 4 July 2008 (magazine lists it as Vol. 32 No. 3).JPG,359.87,K
2005/Covers 2005/Vol. 19 No. 2 Mystery Special - Summer - 2005.jpg,354.81,K
Heavy Metal Magazine Cover Collection/Vol. 19 No. 2 Mystery Special - Summer - 2005.jpg,354.81,K
Heavy Metal Magazine Cover Collection/Vol. 17 No. 1 March 1993 (magazine lists it as Vol. 19 No. 6).jpg,353.71,K
1993/Covers 1993/Vol. 17 No. 1 March 1993 (magazine lists it as Vol. 19 No. 6).jpg,353.71,K
1982/Covers 1982/Vol. 6 No. 1 April 1982.jpg,352.98,K
Heavy Metal Magazine Cover Collection/Vol. 6 No. 1 April 1982.jpg,352.98,K
Heavy Metal Magazine Cover Collection/Vol. 5 No. 10 January 1982.jpg,349.39,K
1982/Covers 1982/Vol. 5 No. 10 January 1982.jpg,349.39,K
1978/Covers 1978/Vol. 2 No. 5 September 1978.jpg,349.08,K
Heavy Metal Magazine Cover Collection/Vol. 2 No. 5 September 1978.jpg,349.08,K
1996/Covers 1996/Vol. 20 No. 4 September 1996.jpg,348.13,K
Heavy Metal Magazine Cover Collection/Vol. 20 No. 4 September 1996.jpg,348.13,K
Heavy Metal Magazine Cover Collection/Vol. 16 No. 2 Erotic #2 Special - Summer - 2002.jpg,345.49,K
2002/Covers 2002/Vol. 16 No. 2 Erotic #2 Special - Summer - 2002.jpg,345.49,K
Heavy Metal Magazine Cover Collection/Vol. 9 No. 2 Havoc - 1995.jpg,343.71,K
1995/Covers 1995/Vol. 9 No. 2 Havoc - 1995.jpg,343.71,K
Heavy Metal Magazine Cover Collection/Vol. 5 No. 11 February 1982.jpg,340.72,K
1982/Covers 1982/Vol. 5 No. 11 February 1982.jpg,340.72,K
Heavy Metal Magazine Cover Collection/Vol. 18 No. 6 January 1995.jpg,339.97,K
1995/Covers 1995/Vol. 18 No. 6 January 1995.jpg,339.97,K
Heavy Metal Magazine Cover Collection/Vol. 18 No. 5 November 1994.jpg,338.93,K
1994/Covers 1994/Vol. 18 No. 5 November 1994.jpg,338.93,K
1992/Covers 1992/Vol. 6 No. 4 - 15 Years Of - 1992.jpg,337.01,K
Heavy Metal Magazine Cover Collection/Vol. 6 No. 4 - 15 Years Of - 1992.jpg,337.01,K
Heavy Metal Magazine Cover Collection/Vol. 1 No. 3 Cryptic Issue - December -2003.jpg,336.94,K
2003/Covers 2003/Vol. 1 No. 3 Cryptic Issue - December -2003.jpg,336.94,K
Heavy Metal Magazine Cover Collection/Vol. 12 No. 2 Summer 1988.jpg,335.16,K
1988/Covers 1988/Vol. 12 No. 2 Summer 1988.jpg,335.16,K
Heavy Metal Magazine Cover Collection/Vol. 27 No. 5 November 2003.jpg,334.62,K
2003/Covers 2003/Vol. 27 No. 5 November 2003.jpg,334.62,K
Heavy Metal Magazine Cover Collection/Vol. 6 No. 9 December 1982.jpg,333.35,K
1982/Covers 1982/Vol. 6 No. 9 December 1982.jpg,333.35,K
1996/Covers 1996/Vol. 10 No. 2 Special Edition - Fall - 1996.jpg,333.15,K
Heavy Metal Magazine Cover Collection/Vol. 10 No. 2 Special Edition - Fall - 1996.jpg,333.15,K
1982/Covers 1982/Vol. 6 No. 2 May 1982.jpg,332.65,K
Heavy Metal Magazine Cover Collection/Vol. 6 No. 2 May 1982.jpg,332.65,K
2004/Covers 2004/Vol. 18 No. 1 Sci-Fi Special - Spring - 2004.jpg,330.75,K
Heavy Metal Magazine Cover Collection/Vol. 18 No. 1 Sci-Fi Special - Spring - 2004.jpg,330.75,K
Heavy Metal Magazine Cover Collection/Vol. 29 No. 1 March 2005.jpg,330.17,K
2005/Covers 2005/Vol. 29 No. 1 March 2005.jpg,330.17,K
1982/Covers 1982/Vol. 6 No. 4 July 1982.jpg,326.65,K
Heavy Metal Magazine Cover Collection/Vol. 6 No. 4 July 1982.jpg,326.65,K
1996/Covers 1996/Vol. 20 No. 1 March 1996.jpg,326.37,K
Heavy Metal Magazine Cover Collection/Vol. 20 No. 1 March 1996.jpg,326.37,K
Heavy Metal Magazine Cover Collection/Vol. 32 No. 2 (magazine lists it as Vol. 22 No. 1) Chaos Special - Spring - 2008.jpg,324.21,K
2008/Covers 2008/Vol. 32 No. 2 (magazine lists it as Vol. 22 No. 1) Chaos Special - Spring - 2008.jpg,324.21,K
1991/Covers 1991/Vol. 15 No. 1 March 1991.jpg,324.07,K
Heavy Metal Magazine Cover Collection/Vol. 15 No. 1 March 1991.jpg,324.07,K
Heavy Metal Magazine Cover Collection/Vol. 26 No. 4 September 2002.jpg,320.38,K
2002/Covers 2002/Vol. 26 No. 4 September 2002.jpg,320.38,K
Heavy Metal Magazine Cover Collection/Vol. 16 No. 4 November 1992 (magazine lists it as Vol. 17 No. 4).JPG,320.24,K
1992/Covers 1992/Vol. 16 No. 4 November 1992 (magazine lists it as Vol. 17 No. 4).JPG,320.24,K
Heavy Metal Magazine Cover Collection/Vol. 8 No. 1 April 1984.jpg,317.27,K
1984/Covers 1984/Vol. 8 No. 1 April 1984.jpg,317.27,K
1980/Covers 1980/Vol. 3 No. 10 February 1980.jpg,316.64,K
Heavy Metal Magazine Cover Collection/Vol. 3 No. 10 February 1980.jpg,316.64,K
Heavy Metal Magazine Cover Collection/Vol. 14 No. 1 Erotic Special - Spring - 2000.jpg,315.94,K
2000/Covers 2000/Vol. 14 No. 1 Erotic Special - Spring - 2000.jpg,315.94,K
Heavy Metal Magazine Cover Collection/Vol. 17 No. 5 November 1993 (magazine lists it as Vol. 18 No. 5).jpg,311.63,K
1993/Covers 1993/Vol. 17 No. 5 November 1993 (magazine lists it as Vol. 18 No. 5).jpg,311.63,K
2001/Covers 2001/Vol. 25 No. 3 July 2001.jpg,309.88,K
Heavy Metal Magazine Cover Collection/Vol. 25 No. 3 July 2001.jpg,309.88,K
Heavy Metal Magazine Cover Collection/Vol. 13 No. 1 Crossroads - Spring - 1999.jpg,309.27,K
1999/Covers 1999/Vol. 13 No. 1 Crossroads - Spring - 1999.jpg,309.27,K
Heavy Metal Magazine Cover Collection/Vol. 21 No. 1 March 1997.jpg,308.99,K
1997/Covers 1997/Vol. 21 No. 1 March 1997.jpg,308.99,K
Heavy Metal Magazine Cover Collection/Vol. 29 No. 4 September 2005.jpg,308.75,K
2005/Covers 2005/Vol. 29 No. 4 September 2005.jpg,308.75,K
Heavy Metal Magazine Cover Collection/Vol. 32 No. 7 November 2008.JPG,306.97,K
2008/Covers 2008/Vol. 32 No. 7 November 2008.JPG,306.97,K
2004/Covers 2004/Vol. 18 No. 2 Adventure Special - Summer - 2004.jpg,289.67,K
Heavy Metal Magazine Cover Collection/Vol. 18 No. 2 Adventure Special - Summer - 2004.jpg,289.67,K
1998/Covers 1998/Vol. 12 No. 1 Sci-Fi - Spring - 1998.jpg,289.22,K
Heavy Metal Magazine Cover Collection/Vol. 12 No. 1 Sci-Fi - Spring - 1998.jpg,289.22,K
Heavy Metal Magazine Cover Collection/Vol. 28 No. 6 January 2005.jpg,281.24,K
2005/Covers 2005/Vol. 28 No. 6 January 2005.jpg,281.24,K
1977/Covers 1977/Vol. 1 No. 2 May 1977.jpg,276.95,K
Heavy Metal Magazine Cover Collection/Vol. 1 No. 2 May 1977.jpg,276.95,K
1981/Covers 1981/Vol. 5 No. 9 December 1981.jpg,273.63,K
Heavy Metal Magazine Cover Collection/Vol. 5 No. 9 December 1981.jpg,273.63,K
Heavy Metal Magazine Cover Collection/Vol. 28 No. 3 July 2004.jpg,272.87,K
2004/Covers 2004/Vol. 28 No. 3 July 2004.jpg,272.87,K
1983/Covers 1983/Vol. 7 No. 6 September 1983.jpg,268.67,K
Heavy Metal Magazine Cover Collection/Vol. 7 No. 6 September 1983.jpg,268.67,K
1984/Covers 1984/Son Of [1984].jpg,267.72,K
Heavy Metal Magazine Cover Collection/Son Of [1984].jpg,267.72,K
2008/Covers 2008/Vol. 32 No. 3 May 2008 (magazine lists it as Vol. 32 No. 2).JPG,261.18,K
Heavy Metal Magazine Cover Collection/Vol. 32 No. 3 May 2008 (magazine lists it as Vol. 32 No. 2).JPG,261.18,K
Heavy Metal Magazine Cover Collection/Vol. 19 No. 3 July 1995.jpg,255.33,K
1995/Covers 1995/Vol. 19 No. 3 July 1995.jpg,255.33,K
1999/Covers 1999/Vol. 23 No. 2 May 1999 (magazine lists it as Vol. 22 No. 2).jpg,247.9,K
Heavy Metal Magazine Cover Collection/Vol. 23 No. 2 May 1999 (magazine lists it as Vol. 22 No. 2).jpg,247.9,K
Heavy Metal Magazine Cover Collection/Vol. 26 No. 5 November 2002.jpg,246.94,K
2002/Covers 2002/Vol. 26 No. 5 November 2002.jpg,246.94,K
Heavy Metal Magazine Cover Collection/Vol. 6 No. 10 January 1983.jpg,244.65,K
1983/Covers 1983/Vol. 6 No. 10 January 1983.jpg,244.65,K
1990/Covers 1990/Vol. 14 No. 5 November 1990.jpg,238.96,K
Heavy Metal Magazine Cover Collection/Vol. 14 No. 5 November 1990.jpg,238.96,K
2001/Covers 2001/Vol. 15 No. 2 Poster Special - Summer - 2001.jpg,238.91,K
Heavy Metal Magazine Cover Collection/Vol. 15 No. 2 Poster Special - Summer - 2001.jpg,238.91,K
Heavy Metal Magazine Cover Collection/Vol. 6 No. 7 October 1982.jpg,226.09,K
1982/Covers 1982/Vol. 6 No. 7 October 1982.jpg,226.09,K
Heavy Metal Magazine Cover Collection/Vol. 7 No. 2 May 1983.jpg,216.38,K
1983/Covers 1983/Vol. 7 No. 2 May 1983.jpg,216.38,K
2005/Covers 2005/Vol. 29 No. 3 July 2005.jpg,214.57,K
Heavy Metal Magazine Cover Collection/Vol. 29 No. 3 July 2005.jpg,214.57,K
1983/Covers 1983/Vol. 7 No. 3 June 1983.jpg,202.19,K
Heavy Metal Magazine Cover Collection/Vol. 7 No. 3 June 1983.jpg,202.19,K
1983/Covers 1983/Vol. 7 No. 1 April 1983.jpg,147.26,K
Heavy Metal Magazine Cover Collection/Vol. 7 No. 1 April 1983.jpg,147.26,K
Heavy Metal Magazine Cover Collection/Vol. 29 No. 2 May 2005.jpg,145.9,K
2005/Covers 2005/Vol. 29 No. 2 May 2005.jpg,145.9,K
Heavy Metal Magazine Collection.docx,11.42,K
